t, Vp, Vy, pitch, yaw, pitch_dot, yaw_dot, N/A
0.0200, 2.0000, 1.0000, 0.1047, 0.3145, 2.2679, -824.36, -3008.78
0.0400, 2.0000, 1.0000, 0.1069, 0.3145, 0.9327, -824.76, 1143.01
0.0600, 2.0000, 1.0000, 0.1069, 0.3145, 0.3430, -824.91, -3704.95
0.0800, 2.0000, 1.0000, 0.1069, 0.3145, 0.1261, -824.97, 1839.38
0.1000, 2.0000, 1.0000, 0.1069, 0.3145, 0.0464, -824.99, 292.12
0.1200, 2.0000, 1.0000, 0.1069, 0.3129, 0.0171, -825.00, -3859.67
0.1400, 2.0000, 1.0000, 0.1069, 0.3129, 0.0063, -825.00, -326.78
0.1600, 2.0000, 1.0000, 0.1091, 0.3129, 0.0565, -825.00, 2122.94
0.1800, 2.0000, 1.0000, 0.1091, 0.3129, 0.0208, -825.00, 420.96
0.2000, 2.0000, 1.0000, 0.1091, 0.3129, 0.0076, -825.00, 1736.13
0.2200, 2.0000, 1.0000, 0.1091, 0.3129, 0.0028, -825.00, -4091.86
0.2400, 2.0000, 1.0000, 0.1113, 0.3114, 0.0672, -825.00, -1177.87
0.2600, 2.0000, 1.0000, 0.1113, 0.3114, 0.0247, -825.00, 2277.66
0.2800, 2.0000, 1.0000, 0.1113, 0.3114, 0.0091, -825.00, 833.56
0.3000, 2.0000, 1.0000, 0.1134, 0.3114, 0.0841, -825.00, -3240.97
0.3200, 2.0000, 1.0000, 0.1134, 0.3114, 0.0309, -825.00, 2019.69
0.3400, 2.0000, 1.0000, 0.1134, 0.3114, 0.0114, -825.00, -2028.96
0.3600, 2.0000, 1.0000, 0.1156, 0.3114, 0.1133, -825.00, -1642.14
0.3800, 2.0000, 1.0000, 0.1156, 0.3114, 0.0417, -825.00, -3318.33
0.4000, 2.0000, 1.0000, 0.1156, 0.3114, 0.0153, -825.00, -533.28
0.4200, 2.0000, 1.0000, 0.1156, 0.3114, 0.0056, -825.00, 1864.96
0.4400, 2.0000, 1.0000, 0.1178, 0.3114, 0.0562, -825.00, -1771.08
0.4600, 2.0000, 1.0000, 0.1178, 0.3114, 0.0207, -825.00, -43.32
0.4800, 2.0000, 1.0000, 0.1178, 0.3114, 0.0076, -825.00, -842.73
0.5000, 2.0000, 1.0000, 0.1200, 0.3129, 0.0836, -825.00, 1993.90
0.5200, 2.0000, 1.0000, 0.1200, 0.3129, 0.0307, -825.00, -2596.28
0.5400, 2.0000, 1.0000, 0.1200, 0.3129, 0.0113, -825.00, -3473.06
0.5600, 2.0000, 1.0000, 0.1222, 0.3129, 0.0703, -825.00, -3550.42
0.5800, 2.0000, 1.0000, 0.1222, 0.3129, 0.0259, -825.00, 1091.34
0.6000, 2.0000, 1.0000, 0.1222, 0.3129, 0.0095, -825.00, -481.70
0.6200, 2.0000, 1.0000, 0.1244, 0.3129, 0.0766, -825.00, -1874.23
0.6400, 2.0000, 1.0000, 0.1244, 0.3129, 0.0282, -825.00, -43.32
0.6600, 2.0000, 1.0000, 0.1244, 0.3129, 0.0104, -825.00, 756.10
0.6800, 2.0000, 1.0000, 0.1265, 0.3129, 0.0637, -825.00, -2725.22
0.7000, 2.0000, 1.0000, 0.1265, 0.3129, 0.0234, -825.00, -868.52
0.7200, 2.0000, 1.0000, 0.1265, 0.3129, 0.0086, -825.00, -4091.96
0.7400, 2.0000, 1.0000, 0.1287, 0.3129, 0.0763, -825.00, -997.45
0.7600, 2.0000, 1.0000, 0.1287, 0.3129, 0.0280, -825.00, 1555.51
0.7800, 2.0000, 1.0000, 0.1287, 0.3129, 0.0103, -825.00, 652.95
0.8000, 2.0000, 1.0000, 0.1309, 0.3129, 0.0579, -825.00, -3498.85
0.8200, 2.0000, 1.0000, 0.1309, 0.3129, 0.0213, -825.00, 1632.88
0.8400, 2.0000, 1.0000, 0.1309, 0.3129, 0.0078, -825.00, 1349.21
0.8600, 2.0000, 1.0000, 0.1331, 0.3129, 0.0570, -825.00, -3369.91
0.8800, 2.0000, 1.0000, 0.1331, 0.3129, 0.0210, -825.00, 1194.49
0.9000, 2.0000, 1.0000, 0.1331, 0.3129, 0.0077, -825.00, 188.77
0.9200, 2.0000, 1.0000, 0.1353, 0.3129, 0.0570, -825.00, 1658.66
0.9400, 2.0000, 1.0000, 0.1353, 0.3129, 0.0210, -825.00, -430.13
0.9600, 2.0000, 1.0000, 0.1353, 0.3129, 0.0077, -825.00, 601.37
0.9800, 2.0000, 1.0000, 0.1374, 0.3129, 0.0518, -825.00, 2432.29
1.0000, 2.0000, 1.0000, 0.1374, 0.3129, 0.0191, -825.00, 446.65
1.0200, 2.0000, 1.0000, 0.1396, 0.3129, 0.1057, -825.00, -533.28
1.0400, 2.0000, 1.0000, 0.1396, 0.3129, 0.0389, -825.00, 1942.33
1.0600, 2.0000, 1.0000, 0.1396, 0.3129, 0.0143, -825.00, -2080.53
1.0800, 2.0000, 1.0000, 0.1418, 0.3129, 0.0784, -825.00, -2003.17
1.1000, 2.0000, 1.0000, 0.1418, 0.3129, 0.0288, -825.00, -2673.64
1.1200, 2.0000, 1.0000, 0.1418, 0.3129, 0.0106, -825.00, -2751.01
1.1400, 2.0000, 1.0000, 0.1440, 0.3129, 0.0770, -825.00, -1590.57
1.1600, 2.0000, 1.0000, 0.1440, 0.3129, 0.0283, -825.00, -3395.70
1.1800, 2.0000, 1.0000, 0.1440, 0.3129, 0.0104, -825.00, 833.46
1.2000, 2.0000, 1.0000, 0.1462, 0.3129, 0.0846, -825.00, -2725.22
1.2200, 2.0000, 1.0000, 0.1462, 0.3129, 0.0311, -825.00, -430.13
1.2400, 2.0000, 1.0000, 0.1462, 0.3129, 0.0114, -825.00, 575.59
1.2600, 2.0000, 1.0000, 0.1484, 0.3129, 0.0641, -825.00, -920.09
1.2800, 2.0000, 1.0000, 0.1484, 0.3129, 0.0236, -825.00, 2277.56
1.3000, 2.0000, 1.0000, 0.1484, 0.3129, 0.0087, -825.00, -2467.34
1.3200, 2.0000, 1.0000, 0.1505, 0.3129, 0.0522, -825.00, 1529.73
1.3400, 2.0000, 1.0000, 0.1505, 0.3129, 0.0192, -825.00, 1916.54
1.3600, 2.0000, 1.0000, 0.1527, 0.3129, 0.1058, -825.00, -1796.87
1.3800, 2.0000, 1.0000, 0.1527, 0.3129, 0.0389, -825.00, 1529.73
1.4000, 2.0000, 1.0000, 0.1527, 0.3129, 0.0143, -825.00, -1177.97
1.4200, 2.0000, 1.0000, 0.1527, 0.3129, 0.0053, -825.00, 1478.15
1.4400, 2.0000, 1.0000, 0.1549, 0.3129, 0.0463, -825.00, -3137.82
1.4600, 2.0000, 1.0000, 0.1549, 0.3129, 0.0170, -825.00, -1977.38
1.4800, 2.0000, 1.0000, 0.1571, 0.3129, 0.0956, -825.00, 137.20
1.5000, 2.0000, 1.0000, 0.1571, 0.3129, 0.0351, -825.00, -2622.07
1.5200, 2.0000, 1.0000, 0.1571, 0.3129, 0.0129, -825.00, -3395.70
1.5400, 2.0000, 1.0000, 0.1593, 0.3129, 0.1035, -825.00, -2647.86
1.5600, 2.0000, 1.0000, 0.1593, 0.3129, 0.0380, -825.00, -610.64
1.5800, 2.0000, 1.0000, 0.1593, 0.3145, 0.0140, -825.00, -3782.51
1.6000, 2.0000, 1.0000, 0.1614, 0.3145, 0.0944, -825.00, 1375.00
1.6200, 2.0000, 1.0000, 0.1614, 0.3129, 0.0347, -825.01, -971.67
1.6400, 2.0000, 1.0000, 0.1614, 0.3129, 0.0128, -825.00, -2596.28
1.6600, 2.0000, 1.0000, 0.1614, 0.3129, 0.0047, -825.00, 2122.84
1.6800, 2.0000, 1.0000, 0.1636, 0.3145, 0.0461, -825.00, 162.99
1.7000, 2.0000, 1.0000, 0.1636, 0.3145, 0.0169, -825.00, -3756.72
1.7200, 2.0000, 1.0000, 0.1658, 0.3145, 0.0955, -825.00, -3369.91
1.7400, 2.0000, 1.0000, 0.1658, 0.3129, 0.0351, -825.01, 1736.03
1.7600, 2.0000, 1.0000, 0.1658, 0.3129, 0.0129, -825.00, -3756.72
1.7800, 2.0000, 1.0000, 0.1658, 0.3129, 0.0048, -825.00, -3266.76
1.8000, 2.0000, 1.0000, 0.1680, 0.3145, 0.0461, -825.00, -2699.43
1.8200, 2.0000, 1.0000, 0.1680, 0.3145, 0.0169, -825.00, 1632.88
1.8400, 2.0000, 1.0000, 0.1680, 0.3145, 0.0062, -825.00, -3008.88
1.8600, 2.0000, 1.0000, 0.1702, 0.3145, 0.0684, -825.00, 575.59
1.8800, 2.0000, 1.0000, 0.1702, 0.3129, 0.0252, -825.00, -2596.28
1.9000, 2.0000, 1.0000, 0.1702, 0.3145, 0.0093, -824.99, 2277.56
1.9200, 2.0000, 1.0000, 0.1724, 0.3145, 0.1125, -825.00, 833.46
1.9400, 2.0000, 1.0000, 0.1724, 0.3145, 0.0414, -825.00, -3988.81
1.9600, 2.0000, 1.0000, 0.1724, 0.3145, 0.0152, -825.00, 524.01
1.9800, 2.0000, 1.0000, 0.1745, 0.3145, 0.1147, -825.00, 1065.55
2.0000, 2.0000, 1.0000, 0.1745, 0.3145, 0.0422, -825.00, 1684.45
2.0200, 2.0000, 1.0000, 0.1745, 0.3145, 0.0155, -825.00, 730.31
2.0400, 2.0000, 1.0000, 0.1745, 0.3145, 0.0057, -825.00, 137.20
2.0600, 2.0000, 1.0000, 0.1767, 0.3145, 0.0619, -825.00, -223.83
2.0800, 2.0000, 1.0000, 0.1767, 0.3145, 0.0228, -825.00, -559.07
2.1000, 2.0000, 1.0000, 0.1767, 0.3129, 0.0084, -825.01, 1323.42
2.1200, 2.0000, 1.0000, 0.1767, 0.3129, 0.0031, -825.00, -3602.00
2.1400, 2.0000, 1.0000, 0.1789, 0.3145, 0.0610, -824.99, -3937.23
2.1600, 2.0000, 1.0000, 0.1789, 0.3145, 0.0224, -825.00, -146.47
2.1800, 2.0000, 1.0000, 0.1789, 0.3145, 0.0082, -825.00, 137.20
2.2000, 2.0000, 1.0000, 0.1789, 0.3145, 0.0030, -825.00, 678.74
2.2200, 2.0000, 1.0000, 0.1811, 0.3145, 0.0610, -825.00, -3834.08
2.2400, 2.0000, 1.0000, 0.1811, 0.3145, 0.0224, -825.00, 1813.39
2.2600, 2.0000, 1.0000, 0.1811, 0.3145, 0.0082, -825.00, 1555.51
2.2800, 2.0000, 1.0000, 0.1833, 0.3145, 0.1017, -825.00, -1719.51
2.3000, 2.0000, 1.0000, 0.1833, 0.3145, 0.0374, -825.00, 2019.69
2.3200, 2.0000, 1.0000, 0.1833, 0.3145, 0.0138, -825.00, 343.50
2.3400, 2.0000, 1.0000, 0.1833, 0.3145, 0.0051, -825.00, -3524.63
2.3600, 2.0000, 1.0000, 0.1833, 0.3145, 0.0019, -825.00, -1229.54
2.3800, 2.0000, 1.0000, 0.1854, 0.3145, 0.0450, -825.00, -533.28
2.4000, 2.0000, 1.0000, 0.1854, 0.3145, 0.0166, -825.00, -894.30
2.4200, 2.0000, 1.0000, 0.1854, 0.3145, 0.0061, -825.00, -378.55
2.4400, 2.0000, 1.0000, 0.1854, 0.3145, 0.0022, -825.00, -1771.08
2.4600, 2.0000, 1.0000, 0.1876, 0.3145, 0.0901, -825.00, 678.74
2.4800, 2.0000, 1.0000, 0.1876, 0.3145, 0.0331, -825.00, -2957.31
2.5000, 2.0000, 1.0000, 0.1876, 0.3145, 0.0122, -825.00, -559.07
2.5200, 2.0000, 1.0000, 0.1876, 0.3145, 0.0045, -825.00, -3344.12
2.5400, 2.0000, 1.0000, 0.1876, 0.3145, 0.0016, -825.00, -3421.48
2.5600, 2.0000, 1.0000, 0.1898, 0.3145, 0.0899, -825.00, 1993.90
2.5800, 2.0000, 1.0000, 0.1898, 0.3145, 0.0331, -825.00, -3963.02
2.6000, 2.0000, 1.0000, 0.1898, 0.3145, 0.0122, -825.00, 1117.12
2.6200, 2.0000, 1.0000, 0.1898, 0.3145, 0.0045, -825.00, -2699.43
2.6400, 2.0000, 1.0000, 0.1898, 0.3145, 0.0016, -825.00, 1813.39
2.6600, 2.0000, 1.0000, 0.1920, 0.3145, 0.0548, -825.00, 2354.93
2.6800, 2.0000, 1.0000, 0.1920, 0.3145, 0.0201, -825.00, 2071.26
2.7000, 2.0000, 1.0000, 0.1920, 0.3145, 0.0074, -825.00, 1968.11
2.7200, 2.0000, 1.0000, 0.1920, 0.3145, 0.0027, -825.00, -1074.82
2.7400, 2.0000, 1.0000, 0.1920, 0.3145, 0.0010, -825.00, -3679.36
2.7600, 2.0000, 1.0000, 0.1920, 0.3145, 0.0004, -825.00, -662.22
2.7800, 2.0000, 1.0000, 0.1942, 0.3145, 0.0600, -825.00, 549.80
2.8000, 2.0000, 1.0000, 0.1942, 0.3145, 0.0221, -825.00, -1822.66
2.8200, 2.0000, 1.0000, 0.1942, 0.3145, 0.0081, -825.00, 781.89
2.8400, 2.0000, 1.0000, 0.1942, 0.3145, 0.0030, -825.00, -455.92
2.8600, 2.0000, 1.0000, 0.1942, 0.3145, 0.0011, -825.00, 1581.30
2.8800, 2.0000, 1.0000, 0.1942, 0.3145, 0.0004, -825.00, 1297.64
2.9000, 2.0000, 1.0000, 0.1942, 0.3145, 0.0001, -825.00, -94.89
2.9200, 2.0000, 1.0000, 0.1963, 0.3145, 0.0542, -825.00, -636.43
2.9400, 2.0000, 1.0000, 0.1963, 0.3145, 0.0199, -825.00, -533.28
2.9600, 2.0000, 1.0000, 0.1963, 0.3145, 0.0073, -825.00, -1358.48
2.9800, 2.0000, 1.0000, 0.1963, 0.3145, 0.0027, -825.00, 807.67
3.0000, 2.0000, 1.0000, 0.1963, 0.3145, 0.0010, -825.00, 2380.71
3.0200, 2.0000, 1.0000, 0.1963, 0.3145, 0.0004, -825.00, -3240.97
3.0400, 2.0000, 1.0000, 0.1963, 0.3145, 0.0001, -825.00, 1839.18
3.0600, 2.0000, 1.0000, 0.1963, 0.3145, 0.0000, -825.00, -2054.74
3.0800, 2.0000, 1.0000, 0.1963, 0.3145, 0.0000, -825.00, -1642.14
3.1000, 2.0000, 1.0000, 0.1985, 0.3145, 0.0893, -825.00, 781.89
3.1200, 2.0000, 1.0000, 0.1985, 0.3145, 0.0328, -825.00, -2544.71
3.1400, 2.0000, 1.0000, 0.1985, 0.3145, 0.0121, -825.00, -2854.16
3.1600, 2.0000, 1.0000, 0.1985, 0.3145, 0.0044, -825.00, -3524.63
3.1800, 2.0000, 1.0000, 0.1985, 0.3145, 0.0016, -825.00, 111.41
3.2000, 2.0000, 1.0000, 0.1985, 0.3145, 0.0006, -825.00, -662.22
3.2200, 2.0000, 1.0000, 0.1985, 0.3145, 0.0002, -825.00, -868.52
3.2400, 2.0000, 1.0000, 0.1985, 0.3145, 0.0001, -825.00, -2183.68
3.2600, 2.0000, 1.0000, 0.1985, 0.3145, 0.0000, -825.00, 1864.96
3.2800, 2.0000, 1.0000, 0.1985, 0.3145, 0.0000, -825.00, -3627.78
3.3000, 2.0000, 1.0000, 0.1985, 0.3145, 0.0000, -825.00, -2828.37
3.3200, 2.0000, 1.0000, 0.1985, 0.3145, 0.0000, -825.00, -2364.19
3.3400, 2.0000, 1.0000, 0.1985, 0.3145, 0.0000, -825.00, -249.62
3.3600, 2.0000, 1.0000, 0.1985, 0.3145, 0.0000, -825.00, -3137.82
3.3800, 2.0000, 1.0000, 0.1985, 0.3145, 0.0000, -825.00, -2673.64
3.4000, 2.0000, 1.0000, 0.2007, 0.3145, 0.0661, -825.00, -17.53
3.4200, 2.0000, 1.0000, 0.2007, 0.3145, 0.0243, -825.00, -3524.63
3.4400, 2.0000, 1.0000, 0.2007, 0.3145, 0.0089, -825.00, 2200.20
3.4600, 2.0000, 1.0000, 0.2007, 0.3145, 0.0033, -825.00, -894.30
3.4800, 2.0000, 1.0000, 0.2007, 0.3145, 0.0012, -825.00, -1332.69
3.5000, 2.0000, 1.0000, 0.2007, 0.3145, 0.0004, -825.00, -4091.96
3.5200, 2.0000, 1.0000, 0.2007, 0.3145, 0.0002, -825.00, -1745.29
3.5400, 2.0000, 1.0000, 0.2007, 0.3145, 0.0001, -825.00, -1745.29
3.5600, 2.0000, 1.0000, 0.2007, 0.3145, 0.0000, -825.00, 369.29
3.5800, 2.0000, 1.0000, 0.2007, 0.3145, 0.0000, -825.00, -791.15
3.6000, 2.0000, 1.0000, 0.2007, 0.3145, 0.0000, -825.00, -1100.60
3.6200, 2.0000, 1.0000, 0.2007, 0.3145, 0.0000, -825.00, 1271.85
3.6400, 2.0000, 1.0000, 0.2007, 0.3145, 0.0000, -825.00, 2148.63
3.6600, 2.0000, 1.0000, 0.2007, 0.3145, 0.0000, -825.00, 266.14
3.6800, 2.0000, 1.0000, 0.2007, 0.3145, 0.0000, -825.00, -1332.69
3.7000, 2.0000, 1.0000, 0.2007, 0.3145, 0.0000, -825.00, -2647.86
3.7200, 2.0000, 1.0000, 0.2007, 0.3145, 0.0000, -825.00, 8.26
3.7400, 2.0000, 1.0000, 0.2007, 0.3145, 0.0000, -825.00, -1951.59
3.7600, 2.0000, 1.0000, 0.2007, 0.3145, 0.0000, -825.00, 962.40
3.7800, 2.0000, 1.0000, 0.2007, 0.3145, 0.0000, -825.00, -3163.61
3.8000, 2.0000, 1.0000, 0.2007, 0.3145, 0.0000, -825.00, -739.58
3.8200, 2.0000, 1.0000, 0.2007, 0.3145, 0.0000, -825.00, -3447.27
3.8400, 2.0000, 1.0000, 0.2007, 0.3145, 0.0000, -825.00, -301.19
3.8600, 2.0000, 1.0000, 0.2007, 0.3145, 0.0000, -825.00, -2235.26
3.8800, 2.0000, 1.0000, 0.2007, 0.3145, 0.0000, -825.00, 549.80
3.9000, 2.0000, 1.0000, 0.2007, 0.3145, 0.0000, -825.00, -610.64
3.9200, 2.0000, 1.0000, 0.1985, 0.3145, -0.0599, -825.00, -997.45
3.9400, 2.0000, 1.0000, 0.1985, 0.3145, -0.0220, -825.00, 1013.97
3.9600, 2.0000, 1.0000, 0.1985, 0.3145, -0.0081, -825.00, -2544.71
3.9800, 2.0000, 1.0000, 0.1985, 0.3145, -0.0030, -825.00, -1874.23
4.0000, 2.0000, 1.0000, 0.1985, 0.3145, -0.0011, -825.00, 2019.69
4.0200, 2.0000, 1.0000, 0.1985, 0.3145, -0.0004, -825.00, -1461.63
4.0400, 2.0000, 1.0000, 0.1985, 0.3145, -0.0001, -825.00, -2544.71
4.0600, 2.0000, 1.0000, 0.1985, 0.3145, -0.0001, -825.00, -3318.33
4.0800, 2.0000, 1.0000, 0.1985, 0.3145, -0.0000, -825.00, -3086.25
4.1000, 2.0000, 1.0000, 0.1985, 0.3145, -0.0000, -825.00, -765.37
4.1200, 2.0000, 1.0000, 0.1985, 0.3145, -0.0000, -825.00, -791.15
4.1400, 2.0000, 1.0000, 0.1985, 0.3145, -0.0000, -825.00, -2028.96
4.1600, 2.0000, 1.0000, 0.1985, 0.3145, -0.0000, -825.00, -1229.54
4.1800, 2.0000, 1.0000, 0.1963, 0.3145, -0.0542, -825.00, 395.07
4.2000, 2.0000, 1.0000, 0.1963, 0.3145, -0.0199, -825.00, -2596.28
4.2200, 2.0000, 1.0000, 0.1963, 0.3145, -0.0073, -825.00, -1874.23
4.2400, 2.0000, 1.0000, 0.1963, 0.3145, -0.0027, -825.00, 1684.45
4.2600, 2.0000, 1.0000, 0.1963, 0.3145, -0.0010, -825.00, -2854.16
4.2800, 2.0000, 1.0000, 0.1963, 0.3145, -0.0004, -825.00, 627.16
4.3000, 2.0000, 1.0000, 0.1963, 0.3145, -0.0001, -825.00, -2106.32
4.3200, 2.0000, 1.0000, 0.1963, 0.3145, -0.0000, -825.00, 420.86
4.3400, 2.0000, 1.0000, 0.1963, 0.3145, -0.0000, -825.00, 2432.29
4.3600, 2.0000, 1.0000, 0.1963, 0.3145, -0.0000, -825.00, -172.25
4.3800, 2.0000, 1.0000, 0.1942, 0.3145, -0.0731, -825.00, 2071.26
4.4000, 2.0000, 1.0000, 0.1942, 0.3145, -0.0269, -825.00, 1761.81
4.4200, 2.0000, 1.0000, 0.1942, 0.3145, -0.0099, -825.00, -3576.21
4.4400, 2.0000, 1.0000, 0.1942, 0.3145, -0.0036, -825.00, -1410.05
4.4600, 2.0000, 1.0000, 0.1942, 0.3145, -0.0013, -825.00, 730.31
4.4800, 2.0000, 1.0000, 0.1942, 0.3145, -0.0005, -825.00, -2518.92
4.5000, 2.0000, 1.0000, 0.1942, 0.3145, -0.0002, -825.00, -146.47
4.5200, 2.0000, 1.0000, 0.1942, 0.3145, -0.0001, -825.00, -2957.31
4.5400, 2.0000, 1.0000, 0.1942, 0.3145, -0.0000, -825.00, 2277.56
4.5600, 2.0000, 1.0000, 0.1920, 0.3145, -0.0542, -825.00, 833.46
4.5800, 2.0000, 1.0000, 0.1920, 0.3145, -0.0199, -825.00, 1091.34
4.6000, 2.0000, 1.0000, 0.1920, 0.3145, -0.0073, -825.00, -688.00
4.6200, 2.0000, 1.0000, 0.1920, 0.3145, -0.0027, -825.00, 756.10
4.6400, 2.0000, 1.0000, 0.1920, 0.3145, -0.0010, -825.00, 137.20
4.6600, 2.0000, 1.0000, 0.1920, 0.3145, -0.0004, -825.00, -1177.97
4.6800, 2.0000, 1.0000, 0.1920, 0.3145, -0.0001, -825.00, 524.01
4.7000, 2.0000, 1.0000, 0.1898, 0.3145, -0.0444, -825.00, -1951.59
4.7200, 2.0000, 1.0000, 0.1898, 0.3145, -0.0163, -825.00, -2905.73
4.7400, 2.0000, 1.0000, 0.1898, 0.3145, -0.0060, -825.00, -610.64
4.7600, 2.0000, 1.0000, 0.1898, 0.3145, -0.0022, -825.00, 2174.41
4.7800, 2.0000, 1.0000, 0.1898, 0.3145, -0.0008, -825.00, -2931.52
4.8000, 2.0000, 1.0000, 0.1898, 0.3145, -0.0003, -825.00, -1281.12
4.8200, 2.0000, 1.0000, 0.1876, 0.3145, -0.0600, -825.00, -352.77
4.8400, 2.0000, 1.0000, 0.1876, 0.3145, -0.0220, -825.00, -997.45
4.8600, 2.0000, 1.0000, 0.1876, 0.3145, -0.0081, -825.00, -2957.31
4.8800, 2.0000, 1.0000, 0.1876, 0.3145, -0.0030, -825.00, -146.47
4.9000, 2.0000, 1.0000, 0.1876, 0.3145, -0.0011, -825.00, 85.62
4.9200, 2.0000, 1.0000, 0.1876, 0.3145, -0.0004, -825.00, 240.35
4.9400, 2.0000, 1.0000, 0.1854, 0.3145, -0.0988, -825.00, -1822.66
4.9600, 2.0000, 1.0000, 0.1854, 0.3145, -0.0363, -825.00, -223.83
4.9800, 2.0000, 1.0000, 0.1854, 0.3145, -0.0134, -825.00, -1203.75
5.0000, 2.0000, 1.0000, 0.1854, 0.3145, -0.0049, -825.00, -2312.62
5.0200, 2.0000, 1.0000, 0.1854, 0.3145, -0.0018, -825.00, -1126.39
5.0400, 2.0000, 1.0000, 0.1854, 0.3145, -0.0007, -825.00, -17.53
5.0600, 2.0000, 1.0000, 0.1833, 0.3145, -0.0895, -825.00, 1065.55
5.0800, 2.0000, 1.0000, 0.1833, 0.3145, -0.0329, -825.00, 859.25
5.1000, 2.0000, 1.0000, 0.1833, 0.3145, -0.0121, -825.00, -1023.24
5.1200, 2.0000, 1.0000, 0.1833, 0.3145, -0.0045, -825.00, -378.55
5.1400, 2.0000, 1.0000, 0.1833, 0.3145, -0.0016, -825.00, 369.29
5.1600, 2.0000, 1.0000, 0.1833, 0.3145, -0.0006, -825.00, 833.46
5.1800, 2.0000, 1.0000, 0.1811, 0.3145, -0.0733, -825.00, -2183.68
5.2000, 2.0000, 1.0000, 0.1811, 0.3145, -0.0270, -825.00, -2725.22
5.2200, 2.0000, 1.0000, 0.1811, 0.3145, -0.0099, -825.00, -1616.36
5.2400, 2.0000, 1.0000, 0.1811, 0.3145, -0.0036, -825.00, 1632.88
5.2600, 2.0000, 1.0000, 0.1811, 0.3145, -0.0013, -825.00, 988.19
5.2800, 2.0000, 1.0000, 0.1789, 0.3145, -0.0546, -825.00, 704.52
5.3000, 2.0000, 1.0000, 0.1789, 0.3145, -0.0201, -825.00, 549.80
5.3200, 2.0000, 1.0000, 0.1789, 0.3145, -0.0074, -825.00, 859.25
5.3400, 2.0000, 1.0000, 0.1789, 0.3145, -0.0027, -825.00, -3395.70
5.3600, 2.0000, 1.0000, 0.1789, 0.3145, -0.0010, -825.00, -3834.08
5.3800, 2.0000, 1.0000, 0.1789, 0.3145, -0.0004, -825.00, 1426.58
5.4000, 2.0000, 1.0000, 0.1767, 0.3145, -0.0445, -825.00, -69.10
5.4200, 2.0000, 1.0000, 0.1767, 0.3145, -0.0164, -825.00, -146.47
5.4400, 2.0000, 1.0000, 0.1767, 0.3145, -0.0060, -825.00, 1065.55
5.4600, 2.0000, 1.0000, 0.1767, 0.3145, -0.0022, -825.00, 2277.56
5.4800, 2.0000, 1.0000, 0.1767, 0.3145, -0.0008, -825.00, 1839.18
5.5000, 2.0000, 1.0000, 0.1745, 0.3145, -0.0896, -825.00, -249.62
5.5200, 2.0000, 1.0000, 0.1745, 0.3145, -0.0329, -825.00, -2235.26
5.5400, 2.0000, 1.0000, 0.1745, 0.3145, -0.0121, -825.00, 2354.93
5.5600, 2.0000, 1.0000, 0.1745, 0.3145, -0.0045, -825.00, 1452.36
5.5800, 2.0000, 1.0000, 0.1745, 0.3145, -0.0016, -825.00, 859.25
5.6000, 2.0000, 1.0000, 0.1724, 0.3145, -0.0993, -825.00, -3834.08
5.6200, 2.0000, 1.0000, 0.1724, 0.3145, -0.0365, -825.00, -2415.77
5.6400, 2.0000, 1.0000, 0.1724, 0.3145, -0.0134, -825.00, -1487.42
5.6600, 2.0000, 1.0000, 0.1724, 0.3145, -0.0049, -825.00, -3292.55
5.6800, 2.0000, 1.0000, 0.1724, 0.3145, -0.0018, -825.00, -3395.70
5.7000, 2.0000, 1.0000, 0.1702, 0.3145, -0.1098, -825.00, -3318.33
5.7200, 2.0000, 1.0000, 0.1702, 0.3145, -0.0404, -825.00, -3292.55
5.7400, 2.0000, 1.0000, 0.1702, 0.3145, -0.0148, -825.00, 1039.76
5.7600, 2.0000, 1.0000, 0.1702, 0.3145, -0.0055, -825.00, -1693.72
5.7800, 2.0000, 1.0000, 0.1702, 0.3145, -0.0020, -825.00, -2596.28
5.8000, 2.0000, 1.0000, 0.1702, 0.3145, -0.0007, -825.00, -1487.42
5.8200, 2.0000, 1.0000, 0.1680, 0.3145, -0.0990, -825.00, -1306.90
5.8400, 2.0000, 1.0000, 0.1680, 0.3145, -0.0364, -825.00, 2097.05
5.8600, 2.0000, 1.0000, 0.1680, 0.3145, -0.0134, -825.00, -3756.72
5.8800, 2.0000, 1.0000, 0.1680, 0.3145, -0.0049, -825.00, -2957.31
5.9000, 2.0000, 1.0000, 0.1680, 0.3145, -0.0018, -825.00, -2879.95
5.9200, 2.0000, 1.0000, 0.1680, 0.3145, -0.0007, -825.00, -2106.32
5.9400, 2.0000, 1.0000, 0.1658, 0.3145, -0.0492, -825.00, -1538.99
5.9600, 2.0000, 1.0000, 0.1658, 0.3145, -0.0181, -825.00, -1719.51
5.9800, 2.0000, 1.0000, 0.1658, 0.3145, -0.0067, -825.00, -69.10
6.0000, 2.0000, 1.0000, 0.1658, 0.3145, -0.0024, -825.00, -1616.36
6.0200, 2.0000, 1.0000, 0.1658, 0.3145, -0.0009, -825.00, 1426.58
6.0400, 2.0000, 1.0000, 0.1636, 0.3145, -0.0990, -825.00, -1796.87
6.0600, 2.0000, 1.0000, 0.1636, 0.3145, -0.0364, -825.00, 1581.30
6.0800, 2.0000, 1.0000, 0.1636, 0.3145, -0.0134, -825.00, -430.13
6.1000, 2.0000, 1.0000, 0.1636, 0.3145, -0.0049, -825.00, -3756.72
6.1200, 2.0000, 1.0000, 0.1636, 0.3145, -0.0018, -825.00, 1271.85
6.1400, 2.0000, 1.0000, 0.1636, 0.3145, -0.0007, -825.00, 678.74
6.1600, 2.0000, 1.0000, 0.1614, 0.3145, -0.0544, -825.00, -1410.05
6.1800, 2.0000, 1.0000, 0.1614, 0.3145, -0.0200, -825.00, -430.13
6.2000, 2.0000, 1.0000, 0.1614, 0.3145, -0.0074, -825.00, 2200.20
6.2200, 2.0000, 1.0000, 0.1614, 0.3145, -0.0027, -825.00, 988.19
6.2400, 2.0000, 1.0000, 0.1614, 0.3145, -0.0010, -825.00, 1555.51
6.2600, 2.0000, 1.0000, 0.1614, 0.3145, -0.0004, -825.00, 2019.69
6.2800, 2.0000, 1.0000, 0.1593, 0.3145, -0.0543, -825.00, -1848.44
6.3000, 2.0000, 1.0000, 0.1593, 0.3145, -0.0200, -825.00, -1977.38
6.3200, 2.0000, 1.0000, 0.1593, 0.3145, -0.0073, -825.00, -3473.06
6.3400, 2.0000, 1.0000, 0.1593, 0.3145, -0.0027, -825.00, 2148.63
6.3600, 2.0000, 1.0000, 0.1593, 0.3145, -0.0010, -825.00, -1203.75
6.3800, 2.0000, 1.0000, 0.1593, 0.3145, -0.0004, -825.00, 1375.00
6.4000, 2.0000, 1.0000, 0.1571, 0.3145, -0.1092, -825.00, 1993.90
6.4200, 2.0000, 1.0000, 0.1571, 0.3145, -0.0402, -825.00, -2673.64
6.4400, 2.0000, 1.0000, 0.1571, 0.3145, -0.0148, -825.00, 1942.33
6.4600, 2.0000, 1.0000, 0.1571, 0.3145, -0.0054, -825.00, 2406.50
6.4800, 2.0000, 1.0000, 0.1571, 0.3145, -0.0020, -825.00, 369.29
6.5000, 2.0000, 1.0000, 0.1571, 0.3145, -0.0007, -825.00, 833.46
6.5200, 2.0000, 1.0000, 0.1571, 0.3145, -0.0003, -825.00, -3602.00
6.5400, 2.0000, 1.0000, 0.1549, 0.3145, -0.0543, -825.00, -2699.43
6.5600, 2.0000, 1.0000, 0.1549, 0.3145, -0.0200, -825.00, -3859.87
6.5800, 2.0000, 1.0000, 0.1549, 0.3145, -0.0073, -825.00, 2019.69
6.6000, 2.0000, 1.0000, 0.1549, 0.3145, -0.0027, -825.00, -662.22
6.6200, 2.0000, 1.0000, 0.1549, 0.3145, -0.0010, -825.00, -971.67
6.6400, 2.0000, 1.0000, 0.1549, 0.3145, -0.0004, -825.00, 1890.75
6.6600, 2.0000, 1.0000, 0.1549, 0.3145, -0.0001, -825.00, -713.79
6.6800, 2.0000, 1.0000, 0.1527, 0.3145, -0.0542, -825.00, -2312.62
6.7000, 2.0000, 1.0000, 0.1527, 0.3145, -0.0199, -825.00, -3060.46
6.7200, 2.0000, 1.0000, 0.1527, 0.3145, -0.0073, -825.00, 549.80
6.7400, 2.0000, 1.0000, 0.1527, 0.3145, -0.0027, -825.00, 2432.29
6.7600, 2.0000, 1.0000, 0.1527, 0.3145, -0.0010, -825.00, -2261.04
6.7800, 2.0000, 1.0000, 0.1527, 0.3145, -0.0004, -825.00, 2097.05
6.8000, 2.0000, 1.0000, 0.1527, 0.3145, -0.0001, -825.00, -2286.83
6.8200, 2.0000, 1.0000, 0.1527, 0.3145, -0.0000, -825.00, -146.47
6.8400, 2.0000, 1.0000, 0.1505, 0.3145, -0.0893, -825.00, -3911.45
6.8600, 2.0000, 1.0000, 0.1505, 0.3145, -0.0328, -825.00, 1194.49
6.8800, 2.0000, 1.0000, 0.1505, 0.3145, -0.0121, -825.00, 524.01
6.9000, 2.0000, 1.0000, 0.1505, 0.3145, -0.0044, -825.00, -1590.57
6.9200, 2.0000, 1.0000, 0.1505, 0.3145, -0.0016, -825.00, 1400.79
6.9400, 2.0000, 1.0000, 0.1505, 0.3145, -0.0006, -825.00, -3756.72
6.9600, 2.0000, 1.0000, 0.1505, 0.3145, -0.0002, -825.00, 730.31
6.9800, 2.0000, 1.0000, 0.1505, 0.3145, -0.0001, -825.00, -1435.84
7.0000, 2.0000, 1.0000, 0.1505, 0.3145, -0.0000, -825.00, -610.64
7.0200, 2.0000, 1.0000, 0.1505, 0.3145, -0.0000, -825.00, 988.19
7.0400, 2.0000, 1.0000, 0.1484, 0.3145, -0.0893, -825.00, -2389.98
7.0600, 2.0000, 1.0000, 0.1484, 0.3145, -0.0328, -825.00, -3137.82
7.0800, 2.0000, 1.0000, 0.1484, 0.3145, -0.0121, -825.00, 1246.06
7.1000, 2.0000, 1.0000, 0.1484, 0.3145, -0.0044, -825.00, 2251.78
7.1200, 2.0000, 1.0000, 0.1484, 0.3145, -0.0016, -825.00, -1177.97
7.1400, 2.0000, 1.0000, 0.1484, 0.3145, -0.0006, -825.00, -1384.27
7.1600, 2.0000, 1.0000, 0.1484, 0.3145, -0.0002, -825.00, 2200.20
7.1800, 2.0000, 1.0000, 0.1484, 0.3145, -0.0001, -825.00, 1529.73
7.2000, 2.0000, 1.0000, 0.1484, 0.3145, -0.0000, -825.00, -2338.41
7.2200, 2.0000, 1.0000, 0.1484, 0.3145, -0.0000, -825.00, -1023.24
7.2400, 2.0000, 1.0000, 0.1484, 0.3145, -0.0000, -825.00, -2725.22
7.2600, 2.0000, 1.0000, 0.1462, 0.3145, -0.0443, -825.00, -2183.68
7.2800, 2.0000, 1.0000, 0.1462, 0.3145, -0.0163, -825.00, -4066.17
7.3000, 2.0000, 1.0000, 0.1462, 0.3145, -0.0060, -825.00, -4040.38
7.3200, 2.0000, 1.0000, 0.1462, 0.3145, -0.0022, -825.00, -791.15
7.3400, 2.0000, 1.0000, 0.1462, 0.3145, -0.0008, -825.00, -3937.23
7.3600, 2.0000, 1.0000, 0.1462, 0.3145, -0.0003, -825.00, -3627.78
7.3800, 2.0000, 1.0000, 0.1462, 0.3145, -0.0001, -825.00, -1642.14
7.4000, 2.0000, 1.0000, 0.1462, 0.3145, -0.0000, -825.00, -3473.06
7.4200, 2.0000, 1.0000, 0.1462, 0.3145, -0.0000, -825.00, -2596.28
7.4400, 2.0000, 1.0000, 0.1462, 0.3145, -0.0000, -825.00, -223.83
7.4600, 2.0000, 1.0000, 0.1462, 0.3145, -0.0000, -825.00, -1384.27
7.4800, 2.0000, 1.0000, 0.1462, 0.3145, -0.0000, -825.00, -2699.43
7.5000, 2.0000, 1.0000, 0.1462, 0.3145, -0.0000, -825.00, -3808.30
7.5200, 2.0000, 1.0000, 0.1440, 0.3145, -0.0599, -825.00, -2957.31
7.5400, 2.0000, 1.0000, 0.1440, 0.3145, -0.0220, -825.00, -2957.31
7.5600, 2.0000, 1.0000, 0.1440, 0.3145, -0.0081, -825.00, -2364.19
7.5800, 2.0000, 1.0000, 0.1440, 0.3145, -0.0030, -825.00, -2467.34
7.6000, 2.0000, 1.0000, 0.1440, 0.3145, -0.0011, -825.00, 627.16
7.6200, 2.0000, 1.0000, 0.1440, 0.3145, -0.0004, -825.00, 2251.78
7.6400, 2.0000, 1.0000, 0.1440, 0.3145, -0.0001, -825.00, -3937.23
7.6600, 2.0000, 1.0000, 0.1440, 0.3145, -0.0001, -825.00, -1538.99
7.6800, 2.0000, 1.0000, 0.1440, 0.3145, -0.0000, -825.00, -2673.64
7.7000, 2.0000, 1.0000, 0.1440, 0.3145, -0.0000, -825.00, 2122.84
7.7200, 2.0000, 1.0000, 0.1440, 0.3145, -0.0000, -825.00, -2828.37
7.7400, 2.0000, 1.0000, 0.1440, 0.3145, -0.0000, -825.00, 2251.78
7.7600, 2.0000, 1.0000, 0.1440, 0.3145, -0.0000, -825.00, -1513.21
7.7800, 2.0000, 1.0000, 0.1440, 0.3145, -0.0000, -825.00, -3627.78
7.8000, 2.0000, 1.0000, 0.1440, 0.3145, -0.0000, -825.00, -1925.81
7.8200, 2.0000, 1.0000, 0.1440, 0.3145, -0.0000, -825.00, -997.45
7.8400, 2.0000, 1.0000, 0.1440, 0.3145, -0.0000, -825.00, 343.50
7.8600, 2.0000, 1.0000, 0.1440, 0.3145, -0.0000, -825.00, 343.50
7.8800, 2.0000, 1.0000, 0.1440, 0.3145, -0.0000, -825.00, -1513.21
7.9000, 2.0000, 1.0000, 0.1440, 0.3145, -0.0000, -825.00, -430.13
7.9200, 2.0000, 1.0000, 0.1440, 0.3145, -0.0000, -825.00, -2106.32
7.9400, 2.0000, 1.0000, 0.1440, 0.3145, -0.0000, -825.00, -1977.38
7.9600, 2.0000, 1.0000, 0.1440, 0.3145, -0.0000, -825.00, -172.25
7.9800, 2.0000, 1.0000, 0.1440, 0.3145, -0.0000, -825.00, -172.25
8.0000, 2.0000, 1.0000, 0.1440, 0.3145, -0.0000, -825.00, 704.52
8.0200, 2.0000, 1.0000, 0.1440, 0.3145, -0.0000, -825.00, -3937.23
8.0400, 2.0000, 1.0000, 0.1440, 0.3145, -0.0000, -825.00, -2931.52
8.0600, 2.0000, 1.0000, 0.1440, 0.3145, -0.0000, -825.00, 266.14
8.0800, 2.0000, 1.0000, 0.1440, 0.3145, -0.0000, -825.00, -94.89
8.1000, 2.0000, 1.0000, 0.1440, 0.3145, -0.0000, -825.00, -2364.19
8.1200, 2.0000, 1.0000, 0.1440, 0.3145, -0.0000, -825.00, -1281.12
8.1400, 2.0000, 1.0000, 0.1440, 0.3145, -0.0000, -825.00, -1126.39
8.1600, 2.0000, 1.0000, 0.1440, 0.3145, -0.0000, -825.00, -971.67
8.1800, 2.0000, 1.0000, 0.1440, 0.3145, -0.0000, -825.00, 1710.24
8.2000, 2.0000, 1.0000, 0.1440, 0.3145, -0.0000, -825.00, -352.77
8.2200, 2.0000, 1.0000, 0.1440, 0.3145, -0.0000, -825.00, 137.20
8.2400, 2.0000, 1.0000, 0.1440, 0.3145, -0.0000, -825.00, 1658.66
8.2600, 2.0000, 1.0000, 0.1440, 0.3145, -0.0000, -825.00, -1358.48
8.2800, 2.0000, 1.0000, 0.1440, 0.3145, -0.0000, -825.00, -2493.13
8.3000, 2.0000, 1.0000, 0.1440, 0.3145, -0.0000, -825.00, 1400.79
8.3200, 2.0000, 1.0000, 0.1440, 0.3145, -0.0000, -825.00, 962.40
8.3400, 2.0000, 1.0000, 0.1440, 0.3145, -0.0000, -825.00, -1487.42
8.3600, 2.0000, 1.0000, 0.1440, 0.3145, -0.0000, -825.00, 2019.69
8.3800, 2.0000, 1.0000, 0.1440, 0.3145, -0.0000, -825.00, 240.35
8.4000, 2.0000, 1.0000, 0.1440, 0.3145, -0.0000, -825.00, 111.41
8.4200, 2.0000, 1.0000, 0.1440, 0.3145, -0.0000, -825.00, -2957.31
8.4400, 2.0000, 1.0000, 0.1440, 0.3145, -0.0000, -825.00, 1323.42
8.4600, 2.0000, 1.0000, 0.1440, 0.3145, -0.0000, -825.00, -1435.84
8.4800, 2.0000, 1.0000, 0.1440, 0.3145, -0.0000, -825.00, -1410.05
8.5000, 2.0000, 1.0000, 0.1440, 0.3145, -0.0000, -825.00, 420.86
8.5200, 2.0000, 1.0000, 0.1440, 0.3145, -0.0000, -825.00, -3834.08
8.5400, 2.0000, 1.0000, 0.1440, 0.3145, -0.0000, -825.00, -146.47
8.5600, 2.0000, 1.0000, 0.1440, 0.3145, -0.0000, -825.00, -3008.88
8.5800, 2.0000, 1.0000, 0.1440, 0.3145, -0.0000, -825.00, -2054.74
8.6000, 2.0000, 1.0000, 0.1440, 0.3145, -0.0000, -825.00, 343.50
8.6200, 2.0000, 1.0000, 0.1440, 0.3145, -0.0000, -825.00, -404.34
8.6400, 2.0000, 1.0000, 0.1440, 0.3145, -0.0000, -825.00, -1513.21
8.6600, 2.0000, 1.0000, 0.1440, 0.3145, -0.0000, -825.00, 1400.79
8.6800, 2.0000, 1.0000, 0.1440, 0.3145, -0.0000, -825.00, 188.77
8.7000, 2.0000, 1.0000, 0.1440, 0.3145, -0.0000, -825.00, 2303.35
8.7200, 2.0000, 1.0000, 0.1440, 0.3145, -0.0000, -825.00, 1426.58
8.7400, 2.0000, 1.0000, 0.1440, 0.3145, -0.0000, -825.00, -4091.96
8.7600, 2.0000, 1.0000, 0.1440, 0.3145, -0.0000, -825.00, 2019.69
8.7800, 2.0000, 1.0000, 0.1440, 0.3145, -0.0000, -825.00, -3266.76
8.8000, 2.0000, 1.0000, 0.1440, 0.3145, -0.0000, -825.00, -2054.74
8.8200, 2.0000, 1.0000, 0.1440, 0.3145, -0.0000, -825.00, 601.37
8.8400, 2.0000, 1.0000, 0.1440, 0.3145, -0.0000, -825.00, 2251.78
8.8600, 2.0000, 1.0000, 0.1440, 0.3145, -0.0000, -825.00, 1039.76
8.8800, 2.0000, 1.0000, 0.1462, 0.3145, 0.0542, -825.00, 756.10
8.9000, 2.0000, 1.0000, 0.1462, 0.3145, 0.0199, -825.00, 1916.54
8.9200, 2.0000, 1.0000, 0.1462, 0.3145, 0.0073, -825.00, 1787.60
8.9400, 2.0000, 1.0000, 0.1462, 0.3145, 0.0027, -825.00, 1993.90
8.9600, 2.0000, 1.0000, 0.1462, 0.3145, 0.0010, -825.00, 1555.51
8.9800, 2.0000, 1.0000, 0.1462, 0.3145, 0.0004, -825.00, -842.73
9.0000, 2.0000, 1.0000, 0.1462, 0.3145, 0.0001, -825.00, -2467.34
9.0200, 2.0000, 1.0000, 0.1462, 0.3145, 0.0000, -825.00, 1194.49
9.0400, 2.0000, 1.0000, 0.1462, 0.3145, 0.0000, -825.00, -3937.23
9.0600, 2.0000, 1.0000, 0.1462, 0.3145, 0.0000, -825.00, -94.89
9.0800, 2.0000, 1.0000, 0.1462, 0.3145, 0.0000, -825.00, -2441.56
9.1000, 2.0000, 1.0000, 0.1462, 0.3145, 0.0000, -825.00, -3008.88
9.1200, 2.0000, 1.0000, 0.1462, 0.3145, 0.0000, -825.00, 627.16
9.1400, 2.0000, 1.0000, 0.1462, 0.3145, 0.0000, -825.00, 34.05
9.1600, 2.0000, 1.0000, 0.1484, 0.3145, 0.0893, -825.00, -481.70
9.1800, 2.0000, 1.0000, 0.1484, 0.3145, 0.0328, -825.00, -868.52
9.2000, 2.0000, 1.0000, 0.1484, 0.3145, 0.0121, -825.00, -2441.56
9.2200, 2.0000, 1.0000, 0.1484, 0.3145, 0.0044, -825.00, -2286.83
9.2400, 2.0000, 1.0000, 0.1484, 0.3145, 0.0016, -825.00, 420.86
9.2600, 2.0000, 1.0000, 0.1484, 0.3145, 0.0006, -825.00, -3008.88
9.2800, 2.0000, 1.0000, 0.1484, 0.3145, 0.0002, -825.00, -1874.23
9.3000, 2.0000, 1.0000, 0.1484, 0.3145, 0.0001, -825.00, -1590.57
9.3200, 2.0000, 1.0000, 0.1484, 0.3145, 0.0000, -825.00, -2699.43
9.3400, 2.0000, 1.0000, 0.1484, 0.3145, 0.0000, -825.00, -765.37
9.3600, 2.0000, 1.0000, 0.1484, 0.3145, 0.0000, -825.00, 1993.90
9.3800, 2.0000, 1.0000, 0.1484, 0.3145, 0.0000, -825.00, 1813.39
9.4000, 2.0000, 1.0000, 0.1484, 0.3145, 0.0000, -825.00, -997.45
9.4200, 2.0000, 1.0000, 0.1484, 0.3145, 0.0000, -825.00, -3576.21
9.4400, 2.0000, 1.0000, 0.1505, 0.3145, 0.0808, -825.00, -920.09
9.4600, 2.0000, 1.0000, 0.1505, 0.3145, 0.0297, -825.00, -2518.92
9.4800, 2.0000, 1.0000, 0.1505, 0.3145, 0.0109, -825.00, -3473.06
9.5000, 2.0000, 1.0000, 0.1505, 0.3145, 0.0040, -825.00, 162.99
9.5200, 2.0000, 1.0000, 0.1505, 0.3145, 0.0015, -825.00, -2647.86
9.5400, 2.0000, 1.0000, 0.1505, 0.3145, 0.0005, -825.00, 240.35
9.5600, 2.0000, 1.0000, 0.1505, 0.3145, 0.0002, -825.00, -920.09
9.5800, 2.0000, 1.0000, 0.1505, 0.3145, 0.0001, -825.00, 291.92
9.6000, 2.0000, 1.0000, 0.1505, 0.3145, 0.0000, -825.00, 988.19
9.6200, 2.0000, 1.0000, 0.1505, 0.3145, 0.0000, -825.00, 1581.30
9.6400, 2.0000, 1.0000, 0.1505, 0.3145, 0.0000, -825.00, 2406.50
9.6600, 2.0000, 1.0000, 0.1505, 0.3145, 0.0000, -825.00, -3834.08
9.6800, 2.0000, 1.0000, 0.1527, 0.3145, 0.0987, -825.00, 885.04
9.7000, 2.0000, 1.0000, 0.1527, 0.3145, 0.0363, -825.00, -713.79
9.7200, 2.0000, 1.0000, 0.1527, 0.3145, 0.0133, -825.00, 317.71
9.7400, 2.0000, 1.0000, 0.1527, 0.3145, 0.0049, -825.00, -1693.72
9.7600, 2.0000, 1.0000, 0.1527, 0.3145, 0.0018, -825.00, -3137.82
9.7800, 2.0000, 1.0000, 0.1527, 0.3145, 0.0007, -825.00, -1874.23
9.8000, 2.0000, 1.0000, 0.1527, 0.3145, 0.0002, -825.00, -4117.75
9.8200, 2.0000, 1.0000, 0.1527, 0.3145, 0.0001, -825.00, -3808.30
9.8400, 2.0000, 1.0000, 0.1527, 0.3145, 0.0000, -825.00, -2725.22
9.8600, 2.0000, 1.0000, 0.1527, 0.3145, 0.0000, -825.00, 2019.69
9.8800, 2.0000, 1.0000, 0.1527, 0.3145, 0.0000, -825.00, -3859.87
9.9000, 2.0000, 1.0000, 0.1527, 0.3145, 0.0000, -825.00, -69.10
9.9200, 2.0000, 1.0000, 0.1549, 0.3145, 0.0987, -825.00, -1538.99
9.9400, 2.0000, 1.0000, 0.1549, 0.3145, 0.0363, -825.00, 2019.69
9.9600, 2.0000, 1.0000, 0.1549, 0.3145, 0.0133, -825.00, -3266.76
9.9800, 2.0000, 1.0000, 0.1549, 0.3145, 0.0049, -825.00, 2122.84
10.0000, 2.0000, 1.0000, 0.1549, 0.3145, 0.0018, -825.00, -3369.91
10.0200, 2.0000, 1.0000, 0.1549, 0.3145, 0.0007, -825.00, -1126.39
10.0400, 2.0000, 1.0000, 0.1549, 0.3145, 0.0002, -825.00, -3447.27
10.0600, 2.0000, 1.0000, 0.1549, 0.3145, 0.0001, -825.00, -3189.40
10.0800, 2.0000, 1.0000, 0.1549, 0.3145, 0.0000, -825.00, -198.04
10.1000, 2.0000, 1.0000, 0.1549, 0.3145, 0.0000, -825.00, 962.40
10.1200, 2.0000, 1.0000, 0.1549, 0.3145, 0.0000, -825.00, -2209.47
10.1400, 2.0000, 1.0000, 0.1571, 0.3145, 0.0808, -825.00, -662.22
10.1600, 2.0000, 1.0000, 0.1571, 0.3145, 0.0297, -825.00, 1168.70
10.1800, 2.0000, 1.0000, 0.1571, 0.3145, 0.0109, -825.00, -584.85
10.2000, 2.0000, 1.0000, 0.1571, 0.3145, 0.0040, -825.00, -1358.48
10.2200, 2.0000, 1.0000, 0.1571, 0.3145, 0.0015, -825.00, -3137.82
10.2400, 2.0000, 1.0000, 0.1571, 0.3145, 0.0005, -825.00, -3550.42
10.2600, 2.0000, 1.0000, 0.1571, 0.3145, 0.0002, -825.00, -559.07
10.2800, 2.0000, 1.0000, 0.1571, 0.3145, 0.0001, -825.00, -2261.04
10.3000, 2.0000, 1.0000, 0.1571, 0.3145, 0.0000, -825.00, 1400.79
10.3200, 2.0000, 1.0000, 0.1571, 0.3145, 0.0000, -825.00, -1203.75
10.3400, 2.0000, 1.0000, 0.1571, 0.3145, 0.0000, -825.00, -3756.72
10.3600, 2.0000, 1.0000, 0.1571, 0.3145, 0.0000, -825.00, -94.89
10.3800, 2.0000, 1.0000, 0.1593, 0.3145, 0.0808, -825.00, -2209.47
10.4000, 2.0000, 1.0000, 0.1593, 0.3145, 0.0297, -825.00, -4040.38
10.4200, 2.0000, 1.0000, 0.1593, 0.3145, 0.0109, -825.00, 8.26
10.4400, 2.0000, 1.0000, 0.1593, 0.3145, 0.0040, -825.00, -1049.03
10.4600, 2.0000, 1.0000, 0.1593, 0.3145, 0.0015, -825.00, -481.70
10.4800, 2.0000, 1.0000, 0.1593, 0.3145, 0.0005, -825.00, -662.22
10.5000, 2.0000, 1.0000, 0.1593, 0.3145, 0.0002, -825.00, -1203.75
10.5200, 2.0000, 1.0000, 0.1593, 0.3145, 0.0001, -825.00, 2303.35
10.5400, 2.0000, 1.0000, 0.1593, 0.3145, 0.0000, -825.00, -920.09
10.5600, 2.0000, 1.0000, 0.1593, 0.3145, 0.0000, -825.00, -2157.89
10.5800, 2.0000, 1.0000, 0.1593, 0.3145, 0.0000, -825.00, -3318.33
10.6000, 2.0000, 1.0000, 0.1593, 0.3145, 0.0000, -825.00, 807.67
10.6200, 2.0000, 1.0000, 0.1593, 0.3145, 0.0000, -825.00, -2673.64
10.6400, 2.0000, 1.0000, 0.1614, 0.3145, 0.0661, -825.00, -146.47
10.6600, 2.0000, 1.0000, 0.1614, 0.3145, 0.0243, -825.00, 2174.41
10.6800, 2.0000, 1.0000, 0.1614, 0.3145, 0.0089, -825.00, 59.84
10.7000, 2.0000, 1.0000, 0.1614, 0.3145, 0.0033, -825.00, 1710.24
10.7200, 2.0000, 1.0000, 0.1614, 0.3145, 0.0012, -825.00, -1745.29
10.7400, 2.0000, 1.0000, 0.1614, 0.3145, 0.0004, -825.00, -481.70
10.7600, 2.0000, 1.0000, 0.1614, 0.3145, 0.0002, -825.00, 910.82
10.7800, 2.0000, 1.0000, 0.1614, 0.3145, 0.0001, -825.00, 1761.81
10.8000, 2.0000, 1.0000, 0.1614, 0.3145, 0.0000, -825.00, -610.64
10.8200, 2.0000, 1.0000, 0.1614, 0.3145, 0.0000, -825.00, -326.98
10.8400, 2.0000, 1.0000, 0.1614, 0.3145, 0.0000, -825.00, -3266.76
10.8600, 2.0000, 1.0000, 0.1614, 0.3145, 0.0000, -825.00, 2329.14
10.8800, 2.0000, 1.0000, 0.1614, 0.3145, 0.0000, -825.00, 652.95
10.9000, 2.0000, 1.0000, 0.1614, 0.3145, 0.0000, -825.00, -3808.30
10.9200, 2.0000, 1.0000, 0.1614, 0.3145, 0.0000, -825.00, -739.58
10.9400, 2.0000, 1.0000, 0.1614, 0.3145, 0.0000, -825.00, 111.41
10.9600, 2.0000, 1.0000, 0.1614, 0.3145, 0.0000, -825.00, -3963.02
10.9800, 2.0000, 1.0000, 0.1636, 0.3145, 0.0808, -825.00, 678.74
11.0000, 2.0000, 1.0000, 0.1636, 0.3145, 0.0297, -825.00, 2174.41
11.0200, 2.0000, 1.0000, 0.1636, 0.3145, 0.0109, -825.00, 34.05
11.0400, 2.0000, 1.0000, 0.1636, 0.3145, 0.0040, -825.00, -1642.14
11.0600, 2.0000, 1.0000, 0.1636, 0.3145, 0.0015, -825.00, -533.28
11.0800, 2.0000, 1.0000, 0.1636, 0.3145, 0.0005, -825.00, -971.67
11.1000, 2.0000, 1.0000, 0.1636, 0.3145, 0.0002, -825.00, 1890.75
11.1200, 2.0000, 1.0000, 0.1636, 0.3145, 0.0001, -825.00, -120.68
11.1400, 2.0000, 1.0000, 0.1636, 0.3145, 0.0000, -825.00, 85.62
11.1600, 2.0000, 1.0000, 0.1636, 0.3145, 0.0000, -825.00, -3988.81
11.1800, 2.0000, 1.0000, 0.1636, 0.3145, 0.0000, -825.00, -3060.46
11.2000, 2.0000, 1.0000, 0.1636, 0.3145, 0.0000, -825.00, 910.82
11.2200, 2.0000, 1.0000, 0.1636, 0.3145, 0.0000, -825.00, -223.83
11.2400, 2.0000, 1.0000, 0.1636, 0.3145, 0.0000, -825.00, -868.52
11.2600, 2.0000, 1.0000, 0.1636, 0.3145, 0.0000, -825.00, 2329.14
11.2800, 2.0000, 1.0000, 0.1636, 0.3145, 0.0000, -825.00, -688.00
11.3000, 2.0000, 1.0000, 0.1636, 0.3145, 0.0000, -825.00, -739.58
11.3200, 2.0000, 1.0000, 0.1636, 0.3145, 0.0000, -825.00, -4066.17
11.3400, 2.0000, 1.0000, 0.1636, 0.3145, 0.0000, -825.00, -3086.25
11.3600, 2.0000, 1.0000, 0.1636, 0.3145, 0.0000, -825.00, -404.34
11.3800, 2.0000, 1.0000, 0.1636, 0.3145, 0.0000, -825.00, -945.88
11.4000, 2.0000, 1.0000, 0.1636, 0.3145, 0.0000, -825.00, -3034.67
11.4200, 2.0000, 1.0000, 0.1636, 0.3145, 0.0000, -825.00, 1581.30
11.4400, 2.0000, 1.0000, 0.1636, 0.3145, 0.0000, -825.00, 395.07
11.4600, 2.0000, 1.0000, 0.1636, 0.3145, 0.0000, -825.00, 1246.06
11.4800, 2.0000, 1.0000, 0.1636, 0.3145, 0.0000, -825.00, 59.84
11.5000, 2.0000, 1.0000, 0.1636, 0.3145, 0.0000, -825.00, -2209.47
11.5200, 2.0000, 1.0000, 0.1636, 0.3145, 0.0000, -825.00, -3292.55
11.5400, 2.0000, 1.0000, 0.1636, 0.3145, 0.0000, -825.00, -3782.51
11.5600, 2.0000, 1.0000, 0.1636, 0.3145, 0.0000, -825.00, -481.70
11.5800, 2.0000, 1.0000, 0.1636, 0.3145, 0.0000, -825.00, -69.10
11.6000, 2.0000, 1.0000, 0.1636, 0.3145, 0.0000, -825.00, -1977.38
11.6200, 2.0000, 1.0000, 0.1636, 0.3145, 0.0000, -825.00, 1632.88
11.6400, 2.0000, 1.0000, 0.1636, 0.3145, 0.0000, -825.00, -2132.11
11.6600, 2.0000, 1.0000, 0.1636, 0.3145, 0.0000, -825.00, 1529.73
11.6800, 2.0000, 1.0000, 0.1636, 0.3145, 0.0000, -825.00, -2622.07
11.7000, 2.0000, 1.0000, 0.1636, 0.3145, 0.0000, -825.00, 885.04
11.7200, 2.0000, 1.0000, 0.1636, 0.3145, 0.0000, -825.00, -1590.57
11.7400, 2.0000, 1.0000, 0.1636, 0.3145, 0.0000, -825.00, 266.14
11.7600, 2.0000, 1.0000, 0.1636, 0.3145, 0.0000, -825.00, -2931.52
11.7800, 2.0000, 1.0000, 0.1636, 0.3145, 0.0000, -825.00, -2905.73
11.8000, 2.0000, 1.0000, 0.1636, 0.3145, 0.0000, -825.00, -2441.56
11.8200, 2.0000, 1.0000, 0.1636, 0.3145, 0.0000, -825.00, -4066.17
11.8400, 2.0000, 1.0000, 0.1636, 0.3145, 0.0000, -825.00, -1693.72
11.8600, 2.0000, 1.0000, 0.1636, 0.3145, 0.0000, -825.00, 2225.99
11.8800, 2.0000, 1.0000, 0.1636, 0.3145, 0.0000, -825.00, 1426.58
11.9000, 2.0000, 1.0000, 0.1636, 0.3145, 0.0000, -825.00, 1942.33
11.9200, 2.0000, 1.0000, 0.1636, 0.3145, 0.0000, -825.00, 807.67
11.9400, 2.0000, 1.0000, 0.1636, 0.3145, 0.0000, -825.00, 2225.99
11.9600, 2.0000, 1.0000, 0.1636, 0.3145, 0.0000, -825.00, 2225.99
11.9800, 2.0000, 1.0000, 0.1636, 0.3145, 0.0000, -825.00, -1358.48
12.0000, 2.0000, 1.0000, 0.1636, 0.3145, 0.0000, -825.00, -2570.49
12.0200, 2.0000, 1.0000, 0.1636, 0.3145, 0.0000, -825.00, -584.85
12.0400, 2.0000, 1.0000, 0.1636, 0.3145, 0.0000, -825.00, 859.25
12.0600, 2.0000, 1.0000, 0.1636, 0.3145, 0.0000, -825.00, 2406.50
12.0800, 2.0000, 1.0000, 0.1636, 0.3145, 0.0000, -825.00, -739.58
12.1000, 2.0000, 1.0000, 0.1636, 0.3145, 0.0000, -825.00, 575.59
12.1200, 2.0000, 1.0000, 0.1636, 0.3145, 0.0000, -825.00, 2329.14
12.1400, 2.0000, 1.0000, 0.1636, 0.3145, 0.0000, -825.00, 575.59
12.1600, 2.0000, 1.0000, 0.1636, 0.3145, 0.0000, -825.00, -1074.82
12.1800, 2.0000, 1.0000, 0.1636, 0.3145, 0.0000, -825.00, -2106.32
12.2000, 2.0000, 1.0000, 0.1636, 0.3145, 0.0000, -825.00, -3060.46
12.2200, 2.0000, 1.0000, 0.1636, 0.3145, 0.0000, -825.00, 1426.58
12.2400, 2.0000, 1.0000, 0.1636, 0.3145, 0.0000, -825.00, -1281.12
12.2600, 2.0000, 1.0000, 0.1636, 0.3145, 0.0000, -825.00, 240.35
12.2800, 2.0000, 1.0000, 0.1636, 0.3145, 0.0000, -825.00, 1864.96
12.3000, 2.0000, 1.0000, 0.1636, 0.3145, 0.0000, -825.00, -1410.05
12.3200, 2.0000, 1.0000, 0.1614, 0.3145, -0.0661, -825.00, 1400.79
12.3400, 2.0000, 1.0000, 0.1614, 0.3145, -0.0243, -825.00, -2854.16
12.3600, 2.0000, 1.0000, 0.1614, 0.3145, -0.0089, -825.00, -275.40
12.3800, 2.0000, 1.0000, 0.1614, 0.3145, -0.0033, -825.00, -1925.81
12.4000, 2.0000, 1.0000, 0.1614, 0.3145, -0.0012, -825.00, 885.04
12.4200, 2.0000, 1.0000, 0.1614, 0.3145, -0.0004, -825.00, -3705.15
12.4400, 2.0000, 1.0000, 0.1614, 0.3145, -0.0002, -825.00, -3627.78
12.4600, 2.0000, 1.0000, 0.1614, 0.3145, -0.0001, -825.00, -1177.97
12.4800, 2.0000, 1.0000, 0.1614, 0.3145, -0.0000, -825.00, -1667.93
12.5000, 2.0000, 1.0000, 0.1614, 0.3145, -0.0000, -825.00, -3834.08
12.5200, 2.0000, 1.0000, 0.1614, 0.3145, -0.0000, -825.00, -2983.10
12.5400, 2.0000, 1.0000, 0.1614, 0.3145, -0.0000, -825.00, -1384.27
12.5600, 2.0000, 1.0000, 0.1614, 0.3145, -0.0000, -825.00, -1306.90
12.5800, 2.0000, 1.0000, 0.1614, 0.3145, -0.0000, -825.00, 833.46
12.6000, 2.0000, 1.0000, 0.1614, 0.3145, -0.0000, -825.00, -2415.77
12.6200, 2.0000, 1.0000, 0.1614, 0.3145, -0.0000, -825.00, -1900.02
12.6400, 2.0000, 1.0000, 0.1614, 0.3145, -0.0000, -825.00, -2028.96
12.6600, 2.0000, 1.0000, 0.1593, 0.3145, -0.0893, -825.00, -3808.30
12.6800, 2.0000, 1.0000, 0.1593, 0.3145, -0.0328, -825.00, -2828.37
12.7000, 2.0000, 1.0000, 0.1593, 0.3145, -0.0121, -825.00, 2200.20
12.7200, 2.0000, 1.0000, 0.1593, 0.3145, -0.0044, -825.00, -2518.92
12.7400, 2.0000, 1.0000, 0.1593, 0.3145, -0.0016, -825.00, 1942.33
12.7600, 2.0000, 1.0000, 0.1593, 0.3145, -0.0006, -825.00, 2019.69
12.7800, 2.0000, 1.0000, 0.1593, 0.3145, -0.0002, -825.00, 137.20
12.8000, 2.0000, 1.0000, 0.1593, 0.3145, -0.0001, -825.00, -894.30
12.8200, 2.0000, 1.0000, 0.1593, 0.3145, -0.0000, -825.00, 2071.26
12.8400, 2.0000, 1.0000, 0.1593, 0.3145, -0.0000, -825.00, 2071.26
12.8600, 2.0000, 1.0000, 0.1593, 0.3145, -0.0000, -825.00, 2174.41
12.8800, 2.0000, 1.0000, 0.1593, 0.3145, -0.0000, -825.00, 2200.20
12.9000, 2.0000, 1.0000, 0.1593, 0.3145, -0.0000, -825.00, -2596.28
12.9200, 2.0000, 1.0000, 0.1593, 0.3145, -0.0000, -825.00, -3112.03
12.9400, 2.0000, 1.0000, 0.1593, 0.3145, -0.0000, -825.00, -945.88
12.9600, 2.0000, 1.0000, 0.1593, 0.3145, -0.0000, -825.00, 807.67
12.9800, 2.0000, 1.0000, 0.1571, 0.3145, -0.0542, -825.00, -172.25
13.0000, 2.0000, 1.0000, 0.1571, 0.3145, -0.0199, -825.00, 1117.12
13.0200, 2.0000, 1.0000, 0.1571, 0.3145, -0.0073, -825.00, -2183.68
13.0400, 2.0000, 1.0000, 0.1571, 0.3145, -0.0027, -825.00, 1942.33
13.0600, 2.0000, 1.0000, 0.1571, 0.3145, -0.0010, -825.00, -1848.44
13.0800, 2.0000, 1.0000, 0.1571, 0.3145, -0.0004, -825.00, -2725.22
13.1000, 2.0000, 1.0000, 0.1571, 0.3145, -0.0001, -825.00, -430.13
13.1200, 2.0000, 1.0000, 0.1571, 0.3145, -0.0000, -825.00, -2854.16
13.1400, 2.0000, 1.0000, 0.1571, 0.3145, -0.0000, -825.00, 1787.60
13.1600, 2.0000, 1.0000, 0.1571, 0.3145, -0.0000, -825.00, -352.77
13.1800, 2.0000, 1.0000, 0.1571, 0.3145, -0.0000, -825.00, 188.77
13.2000, 2.0000, 1.0000, 0.1571, 0.3145, -0.0000, -825.00, 936.61
13.2200, 2.0000, 1.0000, 0.1571, 0.3145, -0.0000, -825.00, 1581.30
13.2400, 2.0000, 1.0000, 0.1571, 0.3145, -0.0000, -825.00, -533.28
13.2600, 2.0000, 1.0000, 0.1549, 0.3145, -0.0731, -825.00, -2209.47
13.2800, 2.0000, 1.0000, 0.1549, 0.3145, -0.0269, -825.00, 1065.55
13.3000, 2.0000, 1.0000, 0.1549, 0.3145, -0.0099, -825.00, -3369.91
13.3200, 2.0000, 1.0000, 0.1549, 0.3145, -0.0036, -825.00, 1117.12
13.3400, 2.0000, 1.0000, 0.1549, 0.3145, -0.0013, -825.00, -2828.37
13.3600, 2.0000, 1.0000, 0.1549, 0.3145, -0.0005, -825.00, 1503.94
13.3800, 2.0000, 1.0000, 0.1549, 0.3145, -0.0002, -825.00, 756.10
13.4000, 2.0000, 1.0000, 0.1549, 0.3145, -0.0001, -825.00, -3034.67
13.4200, 2.0000, 1.0000, 0.1549, 0.3145, -0.0000, -825.00, -1332.69
13.4400, 2.0000, 1.0000, 0.1549, 0.3145, -0.0000, -825.00, 2045.48
13.4600, 2.0000, 1.0000, 0.1549, 0.3145, -0.0000, -825.00, 627.16
13.4800, 2.0000, 1.0000, 0.1549, 0.3145, -0.0000, -825.00, 1426.58
13.5000, 2.0000, 1.0000, 0.1549, 0.3145, -0.0000, -825.00, -1281.12
13.5200, 2.0000, 1.0000, 0.1549, 0.3145, -0.0000, -825.00, -1693.72
13.5400, 2.0000, 1.0000, 0.1549, 0.3145, -0.0000, -825.00, 1916.54
13.5600, 2.0000, 1.0000, 0.1527, 0.3145, -0.0542, -825.00, -249.62
13.5800, 2.0000, 1.0000, 0.1527, 0.3145, -0.0199, -825.00, -1822.66
13.6000, 2.0000, 1.0000, 0.1527, 0.3145, -0.0073, -825.00, -1074.82
13.6200, 2.0000, 1.0000, 0.1527, 0.3145, -0.0027, -825.00, 704.52
13.6400, 2.0000, 1.0000, 0.1527, 0.3145, -0.0010, -825.00, -4040.38
13.6600, 2.0000, 1.0000, 0.1527, 0.3145, -0.0004, -825.00, 575.59
13.6800, 2.0000, 1.0000, 0.1527, 0.3145, -0.0001, -825.00, -1023.24
13.7000, 2.0000, 1.0000, 0.1527, 0.3145, -0.0000, -825.00, 34.05
13.7200, 2.0000, 1.0000, 0.1527, 0.3145, -0.0000, -825.00, 1968.11
13.7400, 2.0000, 1.0000, 0.1527, 0.3145, -0.0000, -825.00, -1642.14
13.7600, 2.0000, 1.0000, 0.1527, 0.3145, -0.0000, -825.00, 1632.88
13.7800, 2.0000, 1.0000, 0.1527, 0.3145, -0.0000, -825.00, 1375.00
13.8000, 2.0000, 1.0000, 0.1527, 0.3145, -0.0000, -825.00, -3215.18
13.8200, 2.0000, 1.0000, 0.1527, 0.3145, -0.0000, -825.00, 1065.55
13.8400, 2.0000, 1.0000, 0.1527, 0.3145, -0.0000, -825.00, -584.85
13.8600, 2.0000, 1.0000, 0.1527, 0.3145, -0.0000, -825.00, 1503.94
13.8800, 2.0000, 1.0000, 0.1527, 0.3145, -0.0000, -825.00, 162.99
13.9000, 2.0000, 1.0000, 0.1527, 0.3145, -0.0000, -825.00, -2854.16
13.9200, 2.0000, 1.0000, 0.1505, 0.3145, -0.0893, -825.00, 1065.55
13.9400, 2.0000, 1.0000, 0.1505, 0.3145, -0.0328, -825.00, -1719.51
13.9600, 2.0000, 1.0000, 0.1505, 0.3145, -0.0121, -825.00, -2364.19
13.9800, 2.0000, 1.0000, 0.1505, 0.3145, -0.0044, -825.00, 936.61
14.0000, 2.0000, 1.0000, 0.1505, 0.3145, -0.0016, -825.00, -662.22
14.0200, 2.0000, 1.0000, 0.1505, 0.3145, -0.0006, -825.00, -3008.88
14.0400, 2.0000, 1.0000, 0.1505, 0.3145, -0.0002, -825.00, 2406.50
14.0600, 2.0000, 1.0000, 0.1505, 0.3145, -0.0001, -825.00, 1993.90
14.0800, 2.0000, 1.0000, 0.1505, 0.3145, -0.0000, -825.00, -4117.75
14.1000, 2.0000, 1.0000, 0.1505, 0.3145, -0.0000, -825.00, -1822.66
14.1200, 2.0000, 1.0000, 0.1505, 0.3145, -0.0000, -825.00, -1925.81
14.1400, 2.0000, 1.0000, 0.1505, 0.3145, -0.0000, -825.00, 781.89
14.1600, 2.0000, 1.0000, 0.1505, 0.3145, -0.0000, -825.00, -2776.79
14.1800, 2.0000, 1.0000, 0.1505, 0.3145, -0.0000, -825.00, 2097.05
14.2000, 2.0000, 1.0000, 0.1505, 0.3145, -0.0000, -825.00, -2673.64
14.2200, 2.0000, 1.0000, 0.1505, 0.3145, -0.0000, -825.00, -430.13
14.2400, 2.0000, 1.0000, 0.1505, 0.3145, -0.0000, -825.00, -430.13
14.2600, 2.0000, 1.0000, 0.1505, 0.3145, -0.0000, -825.00, -2157.89
14.2800, 2.0000, 1.0000, 0.1505, 0.3145, -0.0000, -825.00, -2751.01
14.3000, 2.0000, 1.0000, 0.1505, 0.3145, -0.0000, -825.00, -842.73
14.3200, 2.0000, 1.0000, 0.1505, 0.3145, -0.0000, -825.00, -2957.31
14.3400, 2.0000, 1.0000, 0.1484, 0.3145, -0.0987, -825.00, 1787.60
14.3600, 2.0000, 1.0000, 0.1484, 0.3145, -0.0363, -825.00, -3266.76
14.3800, 2.0000, 1.0000, 0.1484, 0.3145, -0.0133, -825.00, 781.89
14.4000, 2.0000, 1.0000, 0.1484, 0.3145, -0.0049, -825.00, 214.56
14.4200, 2.0000, 1.0000, 0.1484, 0.3145, -0.0018, -825.00, -4091.96
14.4400, 2.0000, 1.0000, 0.1484, 0.3145, -0.0007, -825.00, -2828.37
14.4600, 2.0000, 1.0000, 0.1484, 0.3145, -0.0002, -825.00, -1925.81
14.4800, 2.0000, 1.0000, 0.1484, 0.3145, -0.0001, -825.00, 498.22
14.5000, 2.0000, 1.0000, 0.1484, 0.3145, -0.0000, -825.00, -1126.39
14.5200, 2.0000, 1.0000, 0.1484, 0.3145, -0.0000, -825.00, -662.22
14.5400, 2.0000, 1.0000, 0.1484, 0.3145, -0.0000, -825.00, 988.19
14.5600, 2.0000, 1.0000, 0.1484, 0.3145, -0.0000, -825.00, -1255.33
14.5800, 2.0000, 1.0000, 0.1484, 0.3145, -0.0000, -825.00, 1761.81
14.6000, 2.0000, 1.0000, 0.1484, 0.3145, -0.0000, -825.00, -842.73
14.6200, 2.0000, 1.0000, 0.1484, 0.3145, -0.0000, -825.00, -2054.74
14.6400, 2.0000, 1.0000, 0.1484, 0.3145, -0.0000, -825.00, -3137.82
14.6600, 2.0000, 1.0000, 0.1484, 0.3145, -0.0000, -825.00, 162.99
14.6800, 2.0000, 1.0000, 0.1484, 0.3145, -0.0000, -825.00, 240.35
14.7000, 2.0000, 1.0000, 0.1484, 0.3145, -0.0000, -825.00, -94.89
14.7200, 2.0000, 1.0000, 0.1484, 0.3145, -0.0000, -825.00, -3576.21
14.7400, 2.0000, 1.0000, 0.1484, 0.3145, -0.0000, -825.00, 1246.06
14.7600, 2.0000, 1.0000, 0.1484, 0.3145, -0.0000, -825.00, 2380.71
14.7800, 2.0000, 1.0000, 0.1484, 0.3145, -0.0000, -825.00, 2019.69
14.8000, 2.0000, 1.0000, 0.1484, 0.3145, -0.0000, -825.00, -713.79
14.8200, 2.0000, 1.0000, 0.1484, 0.3145, -0.0000, -825.00, -2776.79
14.8400, 2.0000, 1.0000, 0.1484, 0.3145, -0.0000, -825.00, -1745.29
14.8600, 2.0000, 1.0000, 0.1484, 0.3145, -0.0000, -825.00, -1900.02
14.8800, 2.0000, 1.0000, 0.1484, 0.3145, -0.0000, -825.00, -1564.78
14.9000, 2.0000, 1.0000, 0.1484, 0.3145, -0.0000, -825.00, 2432.29
14.9200, 2.0000, 1.0000, 0.1484, 0.3145, -0.0000, -825.00, 240.35
14.9400, 2.0000, 1.0000, 0.1484, 0.3145, -0.0000, -825.00, -3473.06
14.9600, 2.0000, 1.0000, 0.1484, 0.3145, -0.0000, -825.00, -1590.57
14.9800, 2.0000, 1.0000, 0.1484, 0.3145, -0.0000, -825.00, -894.30
15.0000, 2.0000, 1.0000, 0.1484, 0.3145, -0.0000, -825.00, 549.80
15.0200, 2.0000, 1.0000, 0.1484, 0.3145, -0.0000, -825.00, -1281.12
15.0400, 2.0000, 1.0000, 0.1484, 0.3145, -0.0000, -825.00, -3266.76
15.0600, 2.0000, 1.0000, 0.1484, 0.3145, -0.0000, -825.00, 524.01
15.0800, 2.0000, 1.0000, 0.1484, 0.3145, -0.0000, -825.00, -3369.91
15.1000, 2.0000, 1.0000, 0.1484, 0.3145, -0.0000, -825.00, 833.46
15.1200, 2.0000, 1.0000, 0.1484, 0.3145, -0.0000, -825.00, 1839.18
15.1400, 2.0000, 1.0000, 0.1484, 0.3145, -0.0000, -825.00, -945.88
15.1600, 2.0000, 1.0000, 0.1484, 0.3145, -0.0000, -825.00, -2286.83
15.1800, 2.0000, 1.0000, 0.1484, 0.3145, -0.0000, -825.00, 2225.99
15.2000, 2.0000, 1.0000, 0.1484, 0.3145, -0.0000, -825.00, 1813.39
15.2200, 2.0000, 1.0000, 0.1484, 0.3145, -0.0000, -825.00, 266.14
15.2400, 2.0000, 1.0000, 0.1484, 0.3145, -0.0000, -825.00, -4066.17
15.2600, 2.0000, 1.0000, 0.1484, 0.3145, -0.0000, -825.00, 1890.75
15.2800, 2.0000, 1.0000, 0.1484, 0.3145, -0.0000, -825.00, 1607.09
15.3000, 2.0000, 1.0000, 0.1484, 0.3145, -0.0000, -825.00, -17.53
15.3200, 2.0000, 1.0000, 0.1484, 0.3145, -0.0000, -825.00, 936.61
15.3400, 2.0000, 1.0000, 0.1484, 0.3145, -0.0000, -825.00, -4066.17
15.3600, 2.0000, 1.0000, 0.1484, 0.3145, -0.0000, -825.00, -3395.70
15.3800, 2.0000, 1.0000, 0.1484, 0.3145, -0.0000, -825.00, -2518.92
15.4000, 2.0000, 1.0000, 0.1484, 0.3145, -0.0000, -825.00, 446.65
15.4200, 2.0000, 1.0000, 0.1484, 0.3145, -0.0000, -825.00, 1168.70
15.4400, 2.0000, 1.0000, 0.1484, 0.3145, -0.0000, -825.00, 1890.75
15.4600, 2.0000, 1.0000, 0.1484, 0.3145, -0.0000, -825.00, -2106.32
15.4800, 2.0000, 1.0000, 0.1484, 0.3145, -0.0000, -825.00, -2647.86
15.5000, 2.0000, 1.0000, 0.1484, 0.3145, -0.0000, -825.00, -1538.99
15.5200, 2.0000, 1.0000, 0.1484, 0.3145, -0.0000, -825.00, -1796.87
15.5400, 2.0000, 1.0000, 0.1484, 0.3145, -0.0000, -825.00, 1142.91
15.5600, 2.0000, 1.0000, 0.1484, 0.3145, -0.0000, -825.00, 111.41
15.5800, 2.0000, 1.0000, 0.1484, 0.3145, -0.0000, -825.00, -3421.48
15.6000, 2.0000, 1.0000, 0.1484, 0.3145, -0.0000, -825.00, 1503.94
15.6200, 2.0000, 1.0000, 0.1484, 0.3145, -0.0000, -825.00, -1100.60
15.6400, 2.0000, 1.0000, 0.1484, 0.3145, -0.0000, -825.00, 162.99
15.6600, 2.0000, 1.0000, 0.1484, 0.3145, -0.0000, -825.00, -2106.32
15.6800, 2.0000, 1.0000, 0.1484, 0.3145, -0.0000, -825.00, 1839.18
15.7000, 2.0000, 1.0000, 0.1484, 0.3145, -0.0000, -825.00, -1049.03
15.7200, 2.0000, 1.0000, 0.1484, 0.3145, -0.0000, -825.00, 1942.33
15.7400, 2.0000, 1.0000, 0.1484, 0.3145, -0.0000, -825.00, -2106.32
15.7600, 2.0000, 1.0000, 0.1484, 0.3145, -0.0000, -825.00, -1461.63
15.7800, 2.0000, 1.0000, 0.1484, 0.3145, -0.0000, -825.00, 1168.70
15.8000, 2.0000, 1.0000, 0.1484, 0.3145, -0.0000, -825.00, 2251.78
15.8200, 2.0000, 1.0000, 0.1505, 0.3145, 0.0808, -825.00, 756.10
15.8400, 2.0000, 1.0000, 0.1505, 0.3145, 0.0297, -825.00, -2570.49
15.8600, 2.0000, 1.0000, 0.1505, 0.3145, 0.0109, -825.00, 756.10
15.8800, 2.0000, 1.0000, 0.1505, 0.3145, 0.0040, -825.00, -533.28
15.9000, 2.0000, 1.0000, 0.1505, 0.3145, 0.0015, -825.00, -455.92
15.9200, 2.0000, 1.0000, 0.1505, 0.3145, 0.0005, -825.00, -3885.66
15.9400, 2.0000, 1.0000, 0.1505, 0.3145, 0.0002, -825.00, 1864.96
15.9600, 2.0000, 1.0000, 0.1505, 0.3145, 0.0001, -825.00, -559.07
15.9800, 2.0000, 1.0000, 0.1505, 0.3145, 0.0000, -825.00, 137.20
16.0000, 2.0000, 1.0000, 0.1505, 0.3145, 0.0000, -825.00, -1925.81
16.0200, 2.0000, 1.0000, 0.1505, 0.3145, 0.0000, -825.00, -3937.23
16.0400, 2.0000, 1.0000, 0.1505, 0.3145, 0.0000, -825.00, -1745.29
16.0600, 2.0000, 1.0000, 0.1505, 0.3145, 0.0000, -825.00, -3627.78
16.0800, 2.0000, 1.0000, 0.1505, 0.3145, 0.0000, -825.00, -4040.38
16.1000, 2.0000, 1.0000, 0.1505, 0.3145, 0.0000, -825.00, -3756.72
16.1200, 2.0000, 1.0000, 0.1505, 0.3145, 0.0000, -825.00, -3292.55
16.1400, 2.0000, 1.0000, 0.1505, 0.3145, 0.0000, -825.00, -3395.70
16.1600, 2.0000, 1.0000, 0.1527, 0.3145, 0.0731, -825.00, 2097.05
16.1800, 2.0000, 1.0000, 0.1527, 0.3145, 0.0269, -825.00, -3473.06
16.2000, 2.0000, 1.0000, 0.1527, 0.3145, 0.0099, -825.00, -2570.49
16.2200, 2.0000, 1.0000, 0.1527, 0.3145, 0.0036, -825.00, 2251.78
16.2400, 2.0000, 1.0000, 0.1527, 0.3145, 0.0013, -825.00, -1538.99
16.2600, 2.0000, 1.0000, 0.1527, 0.3145, 0.0005, -825.00, -1977.38
16.2800, 2.0000, 1.0000, 0.1527, 0.3145, 0.0002, -825.00, 59.84
16.3000, 2.0000, 1.0000, 0.1527, 0.3145, 0.0001, -825.00, 317.71
16.3200, 2.0000, 1.0000, 0.1527, 0.3145, 0.0000, -825.00, -2518.92
16.3400, 2.0000, 1.0000, 0.1527, 0.3145, 0.0000, -825.00, 910.82
16.3600, 2.0000, 1.0000, 0.1527, 0.3145, 0.0000, -825.00, 627.16
16.3800, 2.0000, 1.0000, 0.1527, 0.3145, 0.0000, -825.00, -584.85
16.4000, 2.0000, 1.0000, 0.1527, 0.3145, 0.0000, -825.00, -120.68
16.4200, 2.0000, 1.0000, 0.1527, 0.3145, 0.0000, -825.00, 2174.41
16.4400, 2.0000, 1.0000, 0.1549, 0.3145, 0.0893, -825.00, 1761.81
16.4600, 2.0000, 1.0000, 0.1549, 0.3145, 0.0328, -825.00, -1874.23
16.4800, 2.0000, 1.0000, 0.1549, 0.3145, 0.0121, -825.00, 1684.45
16.5000, 2.0000, 1.0000, 0.1549, 0.3145, 0.0044, -825.00, -2570.49
16.5200, 2.0000, 1.0000, 0.1549, 0.3145, 0.0016, -825.00, 2458.08
16.5400, 2.0000, 1.0000, 0.1549, 0.3145, 0.0006, -825.00, -1693.72
16.5600, 2.0000, 1.0000, 0.1549, 0.3145, 0.0002, -825.00, -1410.05
16.5800, 2.0000, 1.0000, 0.1549, 0.3145, 0.0001, -825.00, -1023.24
16.6000, 2.0000, 1.0000, 0.1549, 0.3145, 0.0000, -825.00, -481.70
16.6200, 2.0000, 1.0000, 0.1549, 0.3145, 0.0000, -825.00, -1126.39
16.6400, 2.0000, 1.0000, 0.1549, 0.3145, 0.0000, -825.00, 885.04
16.6600, 2.0000, 1.0000, 0.1549, 0.3145, 0.0000, -825.00, -559.07
16.6800, 2.0000, 1.0000, 0.1571, 0.3145, 0.0490, -825.00, -765.37
16.7000, 2.0000, 1.0000, 0.1571, 0.3145, 0.0180, -825.00, 1013.97
16.7200, 2.0000, 1.0000, 0.1571, 0.3145, 0.0066, -825.00, -3137.82
16.7400, 2.0000, 1.0000, 0.1571, 0.3145, 0.0024, -825.00, -1951.59
16.7600, 2.0000, 1.0000, 0.1571, 0.3145, 0.0009, -825.00, 2019.69
16.7800, 2.0000, 1.0000, 0.1571, 0.3145, 0.0003, -825.00, -816.94
16.8000, 2.0000, 1.0000, 0.1571, 0.3145, 0.0001, -825.00, 601.37
16.8200, 2.0000, 1.0000, 0.1571, 0.3145, 0.0000, -825.00, -3318.33
16.8400, 2.0000, 1.0000, 0.1571, 0.3145, 0.0000, -825.00, -1900.02
16.8600, 2.0000, 1.0000, 0.1571, 0.3145, 0.0000, -825.00, 2303.35
16.8800, 2.0000, 1.0000, 0.1571, 0.3145, 0.0000, -825.00, -1306.90
16.9000, 2.0000, 1.0000, 0.1593, 0.3145, 0.0542, -825.00, -3859.87
16.9200, 2.0000, 1.0000, 0.1593, 0.3145, 0.0199, -825.00, -1023.24
16.9400, 2.0000, 1.0000, 0.1593, 0.3145, 0.0073, -825.00, -2518.92
16.9600, 2.0000, 1.0000, 0.1593, 0.3145, 0.0027, -825.00, -2493.13
16.9800, 2.0000, 1.0000, 0.1593, 0.3145, 0.0010, -825.00, -1977.38
17.0000, 2.0000, 1.0000, 0.1593, 0.3145, 0.0004, -825.00, -507.49
17.0200, 2.0000, 1.0000, 0.1593, 0.3145, 0.0001, -825.00, 2354.93
17.0400, 2.0000, 1.0000, 0.1593, 0.3145, 0.0000, -825.00, 2045.48
17.0600, 2.0000, 1.0000, 0.1593, 0.3145, 0.0000, -825.00, -2209.47
17.0800, 2.0000, 1.0000, 0.1593, 0.3145, 0.0000, -825.00, 2380.71
17.1000, 2.0000, 1.0000, 0.1614, 0.3145, 0.0662, -825.00, -2467.34
17.1200, 2.0000, 1.0000, 0.1614, 0.3145, 0.0243, -825.00, -1616.36
17.1400, 2.0000, 1.0000, 0.1614, 0.3145, 0.0089, -825.00, 1890.75
17.1600, 2.0000, 1.0000, 0.1614, 0.3145, 0.0033, -825.00, 2380.71
17.1800, 2.0000, 1.0000, 0.1614, 0.3145, 0.0012, -825.00, 2225.99
17.2000, 2.0000, 1.0000, 0.1614, 0.3145, 0.0004, -825.00, -352.77
17.2200, 2.0000, 1.0000, 0.1614, 0.3145, 0.0002, -825.00, -3937.23
17.2400, 2.0000, 1.0000, 0.1614, 0.3145, 0.0001, -825.00, 8.26
17.2600, 2.0000, 1.0000, 0.1614, 0.3145, 0.0000, -825.00, 1297.64
17.2800, 2.0000, 1.0000, 0.1614, 0.3145, 0.0000, -825.00, 1246.06
17.3000, 2.0000, 1.0000, 0.1614, 0.3145, 0.0000, -825.00, -3627.78
17.3200, 2.0000, 1.0000, 0.1636, 0.3145, 0.0731, -825.00, -2544.71
17.3400, 2.0000, 1.0000, 0.1636, 0.3145, 0.0269, -825.00, 214.56
17.3600, 2.0000, 1.0000, 0.1636, 0.3145, 0.0099, -825.00, -3137.82
17.3800, 2.0000, 1.0000, 0.1636, 0.3145, 0.0036, -825.00, -3705.15
17.4000, 2.0000, 1.0000, 0.1636, 0.3145, 0.0013, -825.00, 1555.51
17.4200, 2.0000, 1.0000, 0.1636, 0.3145, 0.0005, -825.00, -2286.83
17.4400, 2.0000, 1.0000, 0.1636, 0.3145, 0.0002, -825.00, -997.45
17.4600, 2.0000, 1.0000, 0.1636, 0.3145, 0.0001, -825.00, -2931.52
17.4800, 2.0000, 1.0000, 0.1636, 0.3145, 0.0000, -825.00, -739.58
17.5000, 2.0000, 1.0000, 0.1658, 0.3145, 0.0987, -825.00, 214.56
17.5200, 2.0000, 1.0000, 0.1658, 0.3145, 0.0363, -825.00, -1049.03
17.5400, 2.0000, 1.0000, 0.1658, 0.3145, 0.0133, -825.00, -3963.02
17.5600, 2.0000, 1.0000, 0.1658, 0.3145, 0.0049, -825.00, -2854.16
17.5800, 2.0000, 1.0000, 0.1658, 0.3145, 0.0018, -825.00, -2157.89
17.6000, 2.0000, 1.0000, 0.1658, 0.3145, 0.0007, -825.00, -3705.15
17.6200, 2.0000, 1.0000, 0.1658, 0.3145, 0.0002, -825.00, -945.88
17.6400, 2.0000, 1.0000, 0.1658, 0.3145, 0.0001, -825.00, -1564.78
17.6600, 2.0000, 1.0000, 0.1658, 0.3145, 0.0000, -825.00, 2019.69
17.6800, 2.0000, 1.0000, 0.1658, 0.3145, 0.0000, -825.00, -3550.42
17.7000, 2.0000, 1.0000, 0.1658, 0.3145, 0.0000, -825.00, -3730.93
17.7200, 2.0000, 1.0000, 0.1680, 0.3145, 0.0443, -825.00, 2225.99
17.7400, 2.0000, 1.0000, 0.1680, 0.3145, 0.0163, -825.00, -2905.73
17.7600, 2.0000, 1.0000, 0.1680, 0.3145, 0.0060, -825.00, -1100.60
17.7800, 2.0000, 1.0000, 0.1680, 0.3145, 0.0022, -825.00, -3292.55
17.8000, 2.0000, 1.0000, 0.1680, 0.3145, 0.0008, -825.00, 343.50
17.8200, 2.0000, 1.0000, 0.1680, 0.3145, 0.0003, -825.00, -301.19
17.8400, 2.0000, 1.0000, 0.1680, 0.3145, 0.0001, -825.00, -3395.70
17.8600, 2.0000, 1.0000, 0.1680, 0.3145, 0.0000, -825.00, -94.89
17.8800, 2.0000, 1.0000, 0.1680, 0.3145, 0.0000, -825.00, -842.73
17.9000, 2.0000, 1.0000, 0.1680, 0.3145, 0.0000, -825.00, -1951.59
17.9200, 2.0000, 1.0000, 0.1680, 0.3145, 0.0000, -825.00, -2518.92
17.9400, 2.0000, 1.0000, 0.1702, 0.3145, 0.0893, -825.00, 1787.60
17.9600, 2.0000, 1.0000, 0.1702, 0.3145, 0.0328, -825.00, -1074.82
17.9800, 2.0000, 1.0000, 0.1702, 0.3145, 0.0121, -825.00, -2673.64
18.0000, 2.0000, 1.0000, 0.1702, 0.3145, 0.0044, -825.00, 1375.00
18.0200, 2.0000, 1.0000, 0.1702, 0.3145, 0.0016, -825.00, -3576.21
18.0400, 2.0000, 1.0000, 0.1702, 0.3145, 0.0006, -825.00, 1813.39
18.0600, 2.0000, 1.0000, 0.1702, 0.3145, 0.0002, -825.00, -3834.08
18.0800, 2.0000, 1.0000, 0.1702, 0.3145, 0.0001, -825.00, -3602.00
18.1000, 2.0000, 1.0000, 0.1702, 0.3145, 0.0000, -825.00, -559.07
18.1200, 2.0000, 1.0000, 0.1702, 0.3145, 0.0000, -825.00, -2415.77
18.1400, 2.0000, 1.0000, 0.1702, 0.3145, 0.0000, -825.00, -1023.24
18.1600, 2.0000, 1.0000, 0.1702, 0.3145, 0.0000, -825.00, -3627.78
18.1800, 2.0000, 1.0000, 0.1702, 0.3145, 0.0000, -825.00, -1667.93
18.2000, 2.0000, 1.0000, 0.1702, 0.3145, 0.0000, -825.00, 652.95
18.2200, 2.0000, 1.0000, 0.1724, 0.3145, 0.0490, -825.00, -3730.93
18.2400, 2.0000, 1.0000, 0.1724, 0.3145, 0.0180, -825.00, -3163.61
18.2600, 2.0000, 1.0000, 0.1724, 0.3145, 0.0066, -825.00, -2647.86
18.2800, 2.0000, 1.0000, 0.1724, 0.3145, 0.0024, -825.00, -2699.43
18.3000, 2.0000, 1.0000, 0.1724, 0.3145, 0.0009, -825.00, -2854.16
18.3200, 2.0000, 1.0000, 0.1724, 0.3145, 0.0003, -825.00, -2983.10
18.3400, 2.0000, 1.0000, 0.1724, 0.3145, 0.0001, -825.00, -1023.24
18.3600, 2.0000, 1.0000, 0.1724, 0.3145, 0.0000, -825.00, -584.85
18.3800, 2.0000, 1.0000, 0.1724, 0.3145, 0.0000, -825.00, 1400.79
18.4000, 2.0000, 1.0000, 0.1724, 0.3145, 0.0000, -825.00, -610.64
18.4200, 2.0000, 1.0000, 0.1724, 0.3145, 0.0000, -825.00, -3447.27
18.4400, 2.0000, 1.0000, 0.1724, 0.3145, 0.0000, -825.00, 1426.58
18.4600, 2.0000, 1.0000, 0.1724, 0.3145, 0.0000, -825.00, 1503.94
18.4800, 2.0000, 1.0000, 0.1724, 0.3145, 0.0000, -825.00, -3498.85
18.5000, 2.0000, 1.0000, 0.1724, 0.3145, 0.0000, -825.00, -920.09
18.5200, 2.0000, 1.0000, 0.1745, 0.3145, 0.0443, -825.00, -533.28
18.5400, 2.0000, 1.0000, 0.1745, 0.3145, 0.0163, -825.00, -249.62
18.5600, 2.0000, 1.0000, 0.1745, 0.3145, 0.0060, -825.00, 1168.70
18.5800, 2.0000, 1.0000, 0.1745, 0.3145, 0.0022, -825.00, -3963.02
18.6000, 2.0000, 1.0000, 0.1745, 0.3145, 0.0008, -825.00, 756.10
18.6200, 2.0000, 1.0000, 0.1745, 0.3145, 0.0003, -825.00, 1039.76
18.6400, 2.0000, 1.0000, 0.1745, 0.3145, 0.0001, -825.00, 2225.99
18.6600, 2.0000, 1.0000, 0.1745, 0.3145, 0.0000, -825.00, 2458.08
18.6800, 2.0000, 1.0000, 0.1745, 0.3145, 0.0000, -825.00, 601.37
18.7000, 2.0000, 1.0000, 0.1745, 0.3145, 0.0000, -825.00, -17.53
18.7200, 2.0000, 1.0000, 0.1745, 0.3145, 0.0000, -825.00, 111.41
18.7400, 2.0000, 1.0000, 0.1745, 0.3145, 0.0000, -825.00, 549.80
18.7600, 2.0000, 1.0000, 0.1745, 0.3145, 0.0000, -825.00, -997.45
18.7800, 2.0000, 1.0000, 0.1745, 0.3145, 0.0000, -825.00, 1632.88
18.8000, 2.0000, 1.0000, 0.1745, 0.3145, 0.0000, -825.00, -610.64
18.8200, 2.0000, 1.0000, 0.1745, 0.3145, 0.0000, -825.00, 2200.20
18.8400, 2.0000, 1.0000, 0.1745, 0.3145, 0.0000, -825.00, 498.22
18.8600, 2.0000, 1.0000, 0.1745, 0.3145, 0.0000, -825.00, 240.35
18.8800, 2.0000, 1.0000, 0.1745, 0.3145, 0.0000, -825.00, -1203.75
18.9000, 2.0000, 1.0000, 0.1745, 0.3145, 0.0000, -825.00, -507.49
18.9200, 2.0000, 1.0000, 0.1745, 0.3145, 0.0000, -825.00, -2261.04
18.9400, 2.0000, 1.0000, 0.1745, 0.3145, 0.0000, -825.00, 395.07
18.9600, 2.0000, 1.0000, 0.1745, 0.3145, 0.0000, -825.00, 2354.93
18.9800, 2.0000, 1.0000, 0.1745, 0.3145, 0.0000, -825.00, -765.37
19.0000, 2.0000, 1.0000, 0.1745, 0.3145, 0.0000, -825.00, -816.94
19.0200, 2.0000, 1.0000, 0.1745, 0.3145, 0.0000, -825.00, 2458.08
19.0400, 2.0000, 1.0000, 0.1745, 0.3145, 0.0000, -825.00, 85.62
19.0600, 2.0000, 1.0000, 0.1745, 0.3145, 0.0000, -825.00, -584.85
19.0800, 2.0000, 1.0000, 0.1745, 0.3145, 0.0000, -825.00, 446.65
19.1000, 2.0000, 1.0000, 0.1745, 0.3145, 0.0000, -825.00, 1864.96
19.1200, 2.0000, 1.0000, 0.1745, 0.3145, 0.0000, -825.00, -1332.69
19.1400, 2.0000, 1.0000, 0.1745, 0.3145, 0.0000, -825.00, -3369.91
19.1600, 2.0000, 1.0000, 0.1745, 0.3145, 0.0000, -825.00, -2080.53
19.1800, 2.0000, 1.0000, 0.1745, 0.3145, 0.0000, -825.00, -2132.11
19.2000, 2.0000, 1.0000, 0.1745, 0.3145, 0.0000, -825.00, -1925.81
19.2200, 2.0000, 1.0000, 0.1745, 0.3145, 0.0000, -825.00, 524.01
19.2400, 2.0000, 1.0000, 0.1745, 0.3145, 0.0000, -825.00, 704.52
19.2600, 2.0000, 1.0000, 0.1745, 0.3145, 0.0000, -825.00, 1632.88
19.2800, 2.0000, 1.0000, 0.1745, 0.3145, 0.0000, -825.00, -2261.04
19.3000, 2.0000, 1.0000, 0.1745, 0.3145, 0.0000, -825.00, 1194.49
19.3200, 2.0000, 1.0000, 0.1745, 0.3145, 0.0000, -825.00, 1400.79
19.3400, 2.0000, 1.0000, 0.1745, 0.3145, 0.0000, -825.00, -1023.24
19.3600, 2.0000, 1.0000, 0.1745, 0.3145, 0.0000, -825.00, 2225.99
19.3800, 2.0000, 1.0000, 0.1745, 0.3145, 0.0000, -825.00, -2802.58
19.4000, 2.0000, 1.0000, 0.1745, 0.3145, 0.0000, -825.00, -842.73
19.4200, 2.0000, 1.0000, 0.1745, 0.3145, 0.0000, -825.00, -2132.11
19.4400, 2.0000, 1.0000, 0.1745, 0.3145, 0.0000, -825.00, -3498.85
19.4600, 2.0000, 1.0000, 0.1745, 0.3145, 0.0000, -825.00, -3318.33
19.4800, 2.0000, 1.0000, 0.1745, 0.3145, 0.0000, -825.00, -2776.79
19.5000, 2.0000, 1.0000, 0.1745, 0.3145, 0.0000, -825.00, -2828.37
19.5200, 2.0000, 1.0000, 0.1745, 0.3145, 0.0000, -825.00, 910.82
19.5400, 2.0000, 1.0000, 0.1745, 0.3145, 0.0000, -825.00, 1271.85
19.5600, 2.0000, 1.0000, 0.1745, 0.3145, 0.0000, -825.00, -1590.57
19.5800, 2.0000, 1.0000, 0.1745, 0.3145, 0.0000, -825.00, -1900.02
19.6000, 2.0000, 1.0000, 0.1745, 0.3145, 0.0000, -825.00, -1513.21
19.6200, 2.0000, 1.0000, 0.1745, 0.3145, 0.0000, -825.00, -584.85
19.6400, 2.0000, 1.0000, 0.1745, 0.3145, 0.0000, -825.00, -120.68
19.6600, 2.0000, 1.0000, 0.1745, 0.3145, 0.0000, -825.00, -1848.44
19.6800, 2.0000, 1.0000, 0.1745, 0.3145, 0.0000, -825.00, -2879.95
19.7000, 2.0000, 1.0000, 0.1745, 0.3145, 0.0000, -825.00, -3885.66
19.7200, 2.0000, 1.0000, 0.1745, 0.3145, 0.0000, -825.00, -3034.67
19.7400, 2.0000, 1.0000, 0.1745, 0.3145, 0.0000, -825.00, -2776.79
19.7600, 2.0000, 1.0000, 0.1745, 0.3145, 0.0000, -825.00, -3808.30
19.7800, 2.0000, 1.0000, 0.1745, 0.3145, 0.0000, -825.00, 859.25
19.8000, 2.0000, 1.0000, 0.1745, 0.3145, 0.0000, -825.00, 1839.18
19.8200, 2.0000, 1.0000, 0.1745, 0.3145, 0.0000, -825.00, 1426.58
19.8400, 2.0000, 1.0000, 0.1745, 0.3145, 0.0000, -825.00, -301.19
19.8600, 2.0000, 1.0000, 0.1745, 0.3145, 0.0000, -825.00, -662.22
19.8800, 2.0000, 1.0000, 0.1745, 0.3145, 0.0000, -825.00, 704.52
19.9000, 2.0000, 1.0000, 0.1745, 0.3145, 0.0000, -825.00, 1091.34
19.9200, 2.0000, 1.0000, 0.1745, 0.3145, 0.0000, -825.00, -3266.76
19.9400, 2.0000, 1.0000, 0.1745, 0.3145, 0.0000, -825.00, -1771.08
19.9600, 2.0000, 1.0000, 0.1724, 0.3145, -0.1091, -825.00, -1796.87
19.9800, 2.0000, 1.0000, 0.1724, 0.3145, -0.0401, -825.00, 2354.93
20.0000, 2.0000, 1.0000, 0.1724, 0.3145, -0.0148, -825.00, -2493.13
20.0200, 2.0000, 1.0000, 0.1724, 0.3145, -0.0054, -825.00, 188.77
20.0400, 2.0000, 1.0000, 0.1724, 0.3145, -0.0020, -825.00, 1297.64
20.0600, 2.0000, 1.0000, 0.1724, 0.3145, -0.0007, -825.00, 2071.26
20.0800, 2.0000, 1.0000, 0.1724, 0.3145, -0.0003, -825.00, -3885.66
20.1000, 2.0000, 1.0000, 0.1724, 0.3145, -0.0001, -825.00, -2028.96
20.1200, 2.0000, 1.0000, 0.1724, 0.3145, -0.0000, -825.00, -765.37
20.1400, 2.0000, 1.0000, 0.1724, 0.3145, -0.0000, -825.00, 1194.49
20.1600, 2.0000, 1.0000, 0.1724, 0.3145, -0.0000, -825.00, 1452.36
20.1800, 2.0000, 1.0000, 0.1724, 0.3145, -0.0000, -825.00, -920.09
20.2000, 2.0000, 1.0000, 0.1724, 0.3145, -0.0000, -825.00, -1074.82
20.2200, 2.0000, 1.0000, 0.1724, 0.3145, -0.0000, -825.00, 1117.12
20.2400, 2.0000, 1.0000, 0.1724, 0.3145, -0.0000, -825.00, -2338.41
20.2600, 2.0000, 1.0000, 0.1724, 0.3145, -0.0000, -825.00, -3859.87
20.2800, 2.0000, 1.0000, 0.1724, 0.3145, -0.0000, -825.00, -3034.67
20.3000, 2.0000, 1.0000, 0.1702, 0.3145, -0.0661, -825.00, -1590.57
20.3200, 2.0000, 1.0000, 0.1702, 0.3145, -0.0243, -825.00, -3137.82
20.3400, 2.0000, 1.0000, 0.1702, 0.3145, -0.0089, -825.00, 652.95
20.3600, 2.0000, 1.0000, 0.1702, 0.3145, -0.0033, -825.00, -430.13
20.3800, 2.0000, 1.0000, 0.1702, 0.3145, -0.0012, -825.00, 910.82
20.4000, 2.0000, 1.0000, 0.1702, 0.3145, -0.0004, -825.00, -1203.75
20.4200, 2.0000, 1.0000, 0.1702, 0.3145, -0.0002, -825.00, -404.34
20.4400, 2.0000, 1.0000, 0.1702, 0.3145, -0.0001, -825.00, -1023.24
20.4600, 2.0000, 1.0000, 0.1702, 0.3145, -0.0000, -825.00, -1126.39
20.4800, 2.0000, 1.0000, 0.1702, 0.3145, -0.0000, -825.00, -1590.57
20.5000, 2.0000, 1.0000, 0.1702, 0.3145, -0.0000, -825.00, -1461.63
20.5200, 2.0000, 1.0000, 0.1702, 0.3145, -0.0000, -825.00, -3240.97
20.5400, 2.0000, 1.0000, 0.1702, 0.3145, -0.0000, -825.00, 1194.49
20.5600, 2.0000, 1.0000, 0.1702, 0.3145, -0.0000, -825.00, -3421.48
20.5800, 2.0000, 1.0000, 0.1702, 0.3145, -0.0000, -825.00, 704.52
20.6000, 2.0000, 1.0000, 0.1702, 0.3145, -0.0000, -825.00, -2183.68
20.6200, 2.0000, 1.0000, 0.1680, 0.3145, -0.0599, -825.00, -3756.72
20.6400, 2.0000, 1.0000, 0.1680, 0.3145, -0.0220, -825.00, -2699.43
20.6600, 2.0000, 1.0000, 0.1680, 0.3145, -0.0081, -825.00, 1581.30
20.6800, 2.0000, 1.0000, 0.1680, 0.3145, -0.0030, -825.00, -1874.23
20.7000, 2.0000, 1.0000, 0.1680, 0.3145, -0.0011, -825.00, -1074.82
20.7200, 2.0000, 1.0000, 0.1680, 0.3145, -0.0004, -825.00, 1864.96
20.7400, 2.0000, 1.0000, 0.1680, 0.3145, -0.0001, -825.00, -2699.43
20.7600, 2.0000, 1.0000, 0.1680, 0.3145, -0.0001, -825.00, 988.19
20.7800, 2.0000, 1.0000, 0.1680, 0.3145, -0.0000, -825.00, 704.52
20.8000, 2.0000, 1.0000, 0.1680, 0.3145, -0.0000, -825.00, 1452.36
20.8200, 2.0000, 1.0000, 0.1680, 0.3145, -0.0000, -825.00, 524.01
20.8400, 2.0000, 1.0000, 0.1680, 0.3145, -0.0000, -825.00, -3421.48
20.8600, 2.0000, 1.0000, 0.1680, 0.3145, -0.0000, -825.00, -3576.21
20.8800, 2.0000, 1.0000, 0.1680, 0.3145, -0.0000, -825.00, 704.52
20.9000, 2.0000, 1.0000, 0.1658, 0.3145, -0.0893, -825.00, -662.22
20.9200, 2.0000, 1.0000, 0.1658, 0.3145, -0.0328, -825.00, -3369.91
20.9400, 2.0000, 1.0000, 0.1658, 0.3145, -0.0121, -825.00, 59.84
20.9600, 2.0000, 1.0000, 0.1658, 0.3145, -0.0044, -825.00, -533.28
20.9800, 2.0000, 1.0000, 0.1658, 0.3145, -0.0016, -825.00, 317.71
21.0000, 2.0000, 1.0000, 0.1658, 0.3145, -0.0006, -825.00, -2157.89
21.0200, 2.0000, 1.0000, 0.1658, 0.3145, -0.0002, -825.00, 2225.99
21.0400, 2.0000, 1.0000, 0.1658, 0.3145, -0.0001, -825.00, -2415.77
21.0600, 2.0000, 1.0000, 0.1658, 0.3145, -0.0000, -825.00, -3240.97
21.0800, 2.0000, 1.0000, 0.1658, 0.3145, -0.0000, -825.00, 1220.27
21.1000, 2.0000, 1.0000, 0.1658, 0.3145, -0.0000, -825.00, -1487.42
21.1200, 2.0000, 1.0000, 0.1658, 0.3145, -0.0000, -825.00, -3550.42
21.1400, 2.0000, 1.0000, 0.1658, 0.3145, -0.0000, -825.00, 652.95
21.1600, 2.0000, 1.0000, 0.1658, 0.3145, -0.0000, -825.00, 885.04
21.1800, 2.0000, 1.0000, 0.1636, 0.3145, -0.0490, -825.00, 704.52
21.2000, 2.0000, 1.0000, 0.1636, 0.3145, -0.0180, -825.00, -3705.15
21.2200, 2.0000, 1.0000, 0.1636, 0.3145, -0.0066, -825.00, 678.74
21.2400, 2.0000, 1.0000, 0.1636, 0.3145, -0.0024, -825.00, -3885.66
21.2600, 2.0000, 1.0000, 0.1636, 0.3145, -0.0009, -825.00, -2699.43
21.2800, 2.0000, 1.0000, 0.1636, 0.3145, -0.0003, -825.00, 2329.14
21.3000, 2.0000, 1.0000, 0.1636, 0.3145, -0.0001, -825.00, 2148.63
21.3200, 2.0000, 1.0000, 0.1636, 0.3145, -0.0000, -825.00, -17.53
21.3400, 2.0000, 1.0000, 0.1636, 0.3145, -0.0000, -825.00, -2286.83
21.3600, 2.0000, 1.0000, 0.1636, 0.3145, -0.0000, -825.00, -3447.27
21.3800, 2.0000, 1.0000, 0.1636, 0.3145, -0.0000, -825.00, -1203.75
21.4000, 2.0000, 1.0000, 0.1636, 0.3145, -0.0000, -825.00, -3627.78
21.4200, 2.0000, 1.0000, 0.1636, 0.3145, -0.0000, -825.00, -765.37
21.4400, 2.0000, 1.0000, 0.1614, 0.3145, -0.0542, -825.00, -1487.42
21.4600, 2.0000, 1.0000, 0.1614, 0.3145, -0.0199, -825.00, 575.59
21.4800, 2.0000, 1.0000, 0.1614, 0.3145, -0.0073, -825.00, 1065.55
21.5000, 2.0000, 1.0000, 0.1614, 0.3145, -0.0027, -825.00, 2380.71
21.5200, 2.0000, 1.0000, 0.1614, 0.3145, -0.0010, -825.00, 214.56
21.5400, 2.0000, 1.0000, 0.1614, 0.3145, -0.0004, -825.00, -1590.57
21.5600, 2.0000, 1.0000, 0.1614, 0.3145, -0.0001, -825.00, 1065.55
21.5800, 2.0000, 1.0000, 0.1614, 0.3145, -0.0000, -825.00, 85.62
21.6000, 2.0000, 1.0000, 0.1614, 0.3145, -0.0000, -825.00, 1400.79
21.6200, 2.0000, 1.0000, 0.1614, 0.3145, -0.0000, -825.00, -2183.68
21.6400, 2.0000, 1.0000, 0.1614, 0.3145, -0.0000, -825.00, -3730.93
21.6600, 2.0000, 1.0000, 0.1614, 0.3145, -0.0000, -825.00, -3963.02
21.6800, 2.0000, 1.0000, 0.1614, 0.3145, -0.0000, -825.00, -1822.66
21.7000, 2.0000, 1.0000, 0.1614, 0.3145, -0.0000, -825.00, -2338.41
21.7200, 2.0000, 1.0000, 0.1614, 0.3145, -0.0000, -825.00, 1400.79
21.7400, 2.0000, 1.0000, 0.1614, 0.3145, -0.0000, -825.00, -378.55
21.7600, 2.0000, 1.0000, 0.1593, 0.3145, -0.0490, -825.00, 1426.58
21.7800, 2.0000, 1.0000, 0.1593, 0.3145, -0.0180, -825.00, -3344.12
21.8000, 2.0000, 1.0000, 0.1593, 0.3145, -0.0066, -825.00, 1065.55
21.8200, 2.0000, 1.0000, 0.1593, 0.3145, -0.0024, -825.00, -3524.63
21.8400, 2.0000, 1.0000, 0.1593, 0.3145, -0.0009, -825.00, -1177.97
21.8600, 2.0000, 1.0000, 0.1593, 0.3145, -0.0003, -825.00, -1358.48
21.8800, 2.0000, 1.0000, 0.1593, 0.3145, -0.0001, -825.00, 395.07
21.9000, 2.0000, 1.0000, 0.1593, 0.3145, -0.0000, -825.00, -610.64
21.9200, 2.0000, 1.0000, 0.1593, 0.3145, -0.0000, -825.00, 1503.94
21.9400, 2.0000, 1.0000, 0.1593, 0.3145, -0.0000, -825.00, 1890.75
21.9600, 2.0000, 1.0000, 0.1593, 0.3145, -0.0000, -825.00, 188.77
21.9800, 2.0000, 1.0000, 0.1593, 0.3145, -0.0000, -825.00, -713.79
22.0000, 2.0000, 1.0000, 0.1593, 0.3145, -0.0000, -825.00, 162.99
22.0200, 2.0000, 1.0000, 0.1593, 0.3145, -0.0000, -825.00, 1503.94
22.0400, 2.0000, 1.0000, 0.1593, 0.3145, -0.0000, -825.00, 756.10
22.0600, 2.0000, 1.0000, 0.1593, 0.3145, -0.0000, -825.00, 2045.48
22.0800, 2.0000, 1.0000, 0.1593, 0.3145, -0.0000, -825.00, -2544.71
22.1000, 2.0000, 1.0000, 0.1593, 0.3145, -0.0000, -825.00, -739.58
22.1200, 2.0000, 1.0000, 0.1593, 0.3145, -0.0000, -825.00, -249.62
22.1400, 2.0000, 1.0000, 0.1593, 0.3145, -0.0000, -825.00, -2286.83
22.1600, 2.0000, 1.0000, 0.1593, 0.3145, -0.0000, -825.00, 2251.78
22.1800, 2.0000, 1.0000, 0.1571, 0.3145, -0.0731, -825.00, 2174.41
22.2000, 2.0000, 1.0000, 0.1571, 0.3145, -0.0269, -825.00, -3189.40
22.2200, 2.0000, 1.0000, 0.1571, 0.3145, -0.0099, -825.00, -249.62
22.2400, 2.0000, 1.0000, 0.1571, 0.3145, -0.0036, -825.00, 549.80
22.2600, 2.0000, 1.0000, 0.1571, 0.3145, -0.0013, -825.00, 266.14
22.2800, 2.0000, 1.0000, 0.1571, 0.3145, -0.0005, -825.00, -1667.93
22.3000, 2.0000, 1.0000, 0.1571, 0.3145, -0.0002, -825.00, 2329.14
22.3200, 2.0000, 1.0000, 0.1571, 0.3145, -0.0001, -825.00, -1152.18
22.3400, 2.0000, 1.0000, 0.1571, 0.3145, -0.0000, -825.00, -688.00
22.3600, 2.0000, 1.0000, 0.1571, 0.3145, -0.0000, -825.00, 2225.99
22.3800, 2.0000, 1.0000, 0.1571, 0.3145, -0.0000, -825.00, 1684.45
22.4000, 2.0000, 1.0000, 0.1571, 0.3145, -0.0000, -825.00, -3137.82
22.4200, 2.0000, 1.0000, 0.1571, 0.3145, -0.0000, -825.00, -1951.59
22.4400, 2.0000, 1.0000, 0.1571, 0.3145, -0.0000, -825.00, 1916.54
22.4600, 2.0000, 1.0000, 0.1571, 0.3145, -0.0000, -825.00, 1839.18
22.4800, 2.0000, 1.0000, 0.1571, 0.3145, -0.0000, -825.00, -3885.66
22.5000, 2.0000, 1.0000, 0.1571, 0.3145, -0.0000, -825.00, -2776.79
22.5200, 2.0000, 1.0000, 0.1571, 0.3145, -0.0000, -825.00, -2828.37
22.5400, 2.0000, 1.0000, 0.1571, 0.3145, -0.0000, -825.00, -1616.36
22.5600, 2.0000, 1.0000, 0.1571, 0.3145, -0.0000, -825.00, 446.65
22.5800, 2.0000, 1.0000, 0.1571, 0.3145, -0.0000, -825.00, 2097.05
22.6000, 2.0000, 1.0000, 0.1571, 0.3145, -0.0000, -825.00, -1564.78
22.6200, 2.0000, 1.0000, 0.1571, 0.3145, -0.0000, -825.00, -2312.62
22.6400, 2.0000, 1.0000, 0.1571, 0.3145, -0.0000, -825.00, -3653.57
22.6600, 2.0000, 1.0000, 0.1571, 0.3145, -0.0000, -825.00, -3756.72
22.6800, 2.0000, 1.0000, 0.1571, 0.3145, -0.0000, -825.00, -430.13
22.7000, 2.0000, 1.0000, 0.1571, 0.3145, -0.0000, -825.00, -1977.38
22.7200, 2.0000, 1.0000, 0.1571, 0.3145, -0.0000, -825.00, -3215.18
22.7400, 2.0000, 1.0000, 0.1571, 0.3145, -0.0000, -825.00, -2802.58
22.7600, 2.0000, 1.0000, 0.1571, 0.3145, -0.0000, -825.00, 291.92
22.7800, 2.0000, 1.0000, 0.1571, 0.3145, -0.0000, -825.00, -326.98
22.8000, 2.0000, 1.0000, 0.1571, 0.3145, -0.0000, -825.00, 859.25
22.8200, 2.0000, 1.0000, 0.1571, 0.3145, -0.0000, -825.00, 885.04
22.8400, 2.0000, 1.0000, 0.1571, 0.3145, -0.0000, -825.00, 601.37
22.8600, 2.0000, 1.0000, 0.1571, 0.3145, -0.0000, -825.00, -2209.47
22.8800, 2.0000, 1.0000, 0.1571, 0.3145, -0.0000, -825.00, 498.22
22.9000, 2.0000, 1.0000, 0.1571, 0.3145, -0.0000, -825.00, 1787.60
22.9200, 2.0000, 1.0000, 0.1571, 0.3145, -0.0000, -825.00, -2673.64
22.9400, 2.0000, 1.0000, 0.1571, 0.3145, -0.0000, -825.00, -3524.63
22.9600, 2.0000, 1.0000, 0.1571, 0.3145, -0.0000, -825.00, -2338.41
22.9800, 2.0000, 1.0000, 0.1571, 0.3145, -0.0000, -825.00, -3524.63
23.0000, 2.0000, 1.0000, 0.1571, 0.3145, -0.0000, -825.00, -1822.66
23.0200, 2.0000, 1.0000, 0.1571, 0.3145, -0.0000, -825.00, 2225.99
23.0400, 2.0000, 1.0000, 0.1571, 0.3145, -0.0000, -825.00, 8.26
23.0600, 2.0000, 1.0000, 0.1571, 0.3145, -0.0000, -825.00, 1839.18
23.0800, 2.0000, 1.0000, 0.1571, 0.3145, -0.0000, -825.00, 1478.15
23.1000, 2.0000, 1.0000, 0.1571, 0.3145, -0.0000, -825.00, -3498.85
23.1200, 2.0000, 1.0000, 0.1571, 0.3145, -0.0000, -825.00, 1787.60
23.1400, 2.0000, 1.0000, 0.1571, 0.3145, -0.0000, -825.00, 343.50
23.1600, 2.0000, 1.0000, 0.1571, 0.3145, -0.0000, -825.00, -1693.72
23.1800, 2.0000, 1.0000, 0.1571, 0.3145, -0.0000, -825.00, 833.46
23.2000, 2.0000, 1.0000, 0.1571, 0.3145, -0.0000, -825.00, -3189.40
23.2200, 2.0000, 1.0000, 0.1593, 0.3145, 0.0808, -825.00, 137.20
23.2400, 2.0000, 1.0000, 0.1593, 0.3145, 0.0297, -825.00, 2277.56
23.2600, 2.0000, 1.0000, 0.1593, 0.3145, 0.0109, -825.00, -2364.19
23.2800, 2.0000, 1.0000, 0.1593, 0.3145, 0.0040, -825.00, -3215.18
23.3000, 2.0000, 1.0000, 0.1593, 0.3145, 0.0015, -825.00, -3447.27
23.3200, 2.0000, 1.0000, 0.1593, 0.3145, 0.0005, -825.00, -1616.36
23.3400, 2.0000, 1.0000, 0.1593, 0.3145, 0.0002, -825.00, -2647.86
23.3600, 2.0000, 1.0000, 0.1593, 0.3145, 0.0001, -825.00, 1323.42
23.3800, 2.0000, 1.0000, 0.1593, 0.3145, 0.0000, -825.00, 1349.21
23.4000, 2.0000, 1.0000, 0.1593, 0.3145, 0.0000, -825.00, -3602.00
23.4200, 2.0000, 1.0000, 0.1593, 0.3145, 0.0000, -825.00, -4117.75
23.4400, 2.0000, 1.0000, 0.1593, 0.3145, 0.0000, -825.00, 1271.85
23.4600, 2.0000, 1.0000, 0.1593, 0.3145, 0.0000, -825.00, -3060.46
23.4800, 2.0000, 1.0000, 0.1593, 0.3145, 0.0000, -825.00, 1323.42
23.5000, 2.0000, 1.0000, 0.1593, 0.3145, 0.0000, -825.00, 1478.15
23.5200, 2.0000, 1.0000, 0.1593, 0.3145, 0.0000, -825.00, -2415.77
23.5400, 2.0000, 1.0000, 0.1593, 0.3145, 0.0000, -825.00, 1607.09
23.5600, 2.0000, 1.0000, 0.1593, 0.3145, 0.0000, -825.00, -3834.08
23.5800, 2.0000, 1.0000, 0.1593, 0.3145, 0.0000, -825.00, -2699.43
23.6000, 2.0000, 1.0000, 0.1614, 0.3145, 0.0893, -825.00, -120.68
23.6200, 2.0000, 1.0000, 0.1614, 0.3145, 0.0328, -825.00, -533.28
23.6400, 2.0000, 1.0000, 0.1614, 0.3145, 0.0121, -825.00, -2003.17
23.6600, 2.0000, 1.0000, 0.1614, 0.3145, 0.0044, -825.00, -1487.42
23.6800, 2.0000, 1.0000, 0.1614, 0.3145, 0.0016, -825.00, 2277.56
23.7000, 2.0000, 1.0000, 0.1614, 0.3145, 0.0006, -825.00, -198.04
23.7200, 2.0000, 1.0000, 0.1614, 0.3145, 0.0002, -825.00, -17.53
23.7400, 2.0000, 1.0000, 0.1614, 0.3145, 0.0001, -825.00, -146.47
23.7600, 2.0000, 1.0000, 0.1614, 0.3145, 0.0000, -825.00, 1400.79
23.7800, 2.0000, 1.0000, 0.1614, 0.3145, 0.0000, -825.00, 1761.81
23.8000, 2.0000, 1.0000, 0.1614, 0.3145, 0.0000, -825.00, -2183.68
23.8200, 2.0000, 1.0000, 0.1614, 0.3145, 0.0000, -825.00, 1839.18
23.8400, 2.0000, 1.0000, 0.1614, 0.3145, 0.0000, -825.00, -559.07
23.8600, 2.0000, 1.0000, 0.1614, 0.3145, 0.0000, -825.00, -2003.17
23.8800, 2.0000, 1.0000, 0.1636, 0.3145, 0.1091, -825.00, -1719.51
23.9000, 2.0000, 1.0000, 0.1636, 0.3145, 0.0401, -825.00, -1771.08
23.9200, 2.0000, 1.0000, 0.1636, 0.3145, 0.0148, -825.00, -17.53
23.9400, 2.0000, 1.0000, 0.1636, 0.3145, 0.0054, -825.00, 291.92
23.9600, 2.0000, 1.0000, 0.1636, 0.3145, 0.0020, -825.00, -3885.66
23.9800, 2.0000, 1.0000, 0.1636, 0.3145, 0.0007, -825.00, -2389.98
24.0000, 2.0000, 1.0000, 0.1636, 0.3145, 0.0003, -825.00, -2596.28
24.0200, 2.0000, 1.0000, 0.1636, 0.3145, 0.0001, -825.00, 1013.97
24.0400, 2.0000, 1.0000, 0.1636, 0.3145, 0.0000, -825.00, -1358.48
24.0600, 2.0000, 1.0000, 0.1636, 0.3145, 0.0000, -825.00, 369.29
24.0800, 2.0000, 1.0000, 0.1636, 0.3145, 0.0000, -825.00, -1023.24
24.1000, 2.0000, 1.0000, 0.1636, 0.3145, 0.0000, -825.00, 885.04
24.1200, 2.0000, 1.0000, 0.1658, 0.3145, 0.0490, -825.00, -3060.46
24.1400, 2.0000, 1.0000, 0.1658, 0.3145, 0.0180, -825.00, 730.31
24.1600, 2.0000, 1.0000, 0.1658, 0.3145, 0.0066, -825.00, -3859.87
24.1800, 2.0000, 1.0000, 0.1658, 0.3145, 0.0024, -825.00, -3988.81
24.2000, 2.0000, 1.0000, 0.1658, 0.3145, 0.0009, -825.00, -455.92
24.2200, 2.0000, 1.0000, 0.1658, 0.3145, 0.0003, -825.00, -2415.77
24.2400, 2.0000, 1.0000, 0.1658, 0.3145, 0.0001, -825.00, 627.16
24.2600, 2.0000, 1.0000, 0.1658, 0.3145, 0.0000, -825.00, 1864.96
24.2800, 2.0000, 1.0000, 0.1658, 0.3145, 0.0000, -825.00, -997.45
24.3000, 2.0000, 1.0000, 0.1658, 0.3145, 0.0000, -825.00, 652.95
24.3200, 2.0000, 1.0000, 0.1658, 0.3145, 0.0000, -825.00, -3627.78
24.3400, 2.0000, 1.0000, 0.1680, 0.3145, 0.0893, -825.00, -1074.82
24.3600, 2.0000, 1.0000, 0.1680, 0.3145, 0.0328, -825.00, 1761.81
24.3800, 2.0000, 1.0000, 0.1680, 0.3145, 0.0121, -825.00, -3008.88
24.4000, 2.0000, 1.0000, 0.1680, 0.3145, 0.0044, -825.00, 472.44
24.4200, 2.0000, 1.0000, 0.1680, 0.3145, 0.0016, -825.00, -2028.96
24.4400, 2.0000, 1.0000, 0.1680, 0.3145, 0.0006, -825.00, -2235.26
24.4600, 2.0000, 1.0000, 0.1680, 0.3145, 0.0002, -825.00, -1384.27
24.4800, 2.0000, 1.0000, 0.1680, 0.3145, 0.0001, -825.00, -43.32
24.5000, 2.0000, 1.0000, 0.1680, 0.3145, 0.0000, -825.00, -3215.18
24.5200, 2.0000, 1.0000, 0.1680, 0.3145, 0.0000, -825.00, -1642.14
24.5400, 2.0000, 1.0000, 0.1702, 0.3145, 0.0662, -825.00, 1194.49
